"id_hd";"REGION";"MEMBERS";"Weight"
1;4;3;462.0151652
2;4;3;462.0151652
3;5;2;446.0447608
4;3;1;707.1721562
5;5;4;507.837303
6;2;4;507.837303
7;2;3;462.0151652
8;3;3;462.0151652
9;5;2;446.0447608
10;6;4;507.837303
11;1;2;446.0447608
12;6;4;507.837303
13;4;3;462.0151652
14;6;1;707.1721562
15;5;2;446.0447608
16;3;2;446.0447608
17;4;3;462.0151652
18;1;4;507.837303
19;5;2;446.0447608
20;1;2;446.0447608
21;6;2;446.0447608
22;4;2;446.0447608
23;1;4;507.837303
24;2;4;507.837303
25;6;2;446.0447608
26;6;3;462.0151652
27;1;4;507.837303
28;4;2;446.0447608
29;6;4;507.837303
30;4;2;446.0447608
31;5;2;446.0447608
32;6;3;462.0151652
33;1;2;446.0447608
34;2;2;446.0447608
35;6;2;446.0447608
36;4;4;507.837303
37;3;3;462.0151652
38;5;4;507.837303
39;3;2;446.0447608
40;6;2;446.0447608
41;6;4;507.837303
42;2;2;446.0447608
43;1;2;446.0447608
44;4;4;507.837303
45;4;2;446.0447608
46;4;1;707.1721562
47;4;3;462.0151652
48;5;3;462.0151652
49;4;2;446.0447608
50;4;4;507.837303
51;2;2;446.0447608
52;6;5;395.5361707
53;5;2;446.0447608
54;2;1;707.1721562
55;6;2;446.0447608
56;5;4;507.837303
57;6;3;462.0151652
58;5;2;446.0447608
59;5;2;446.0447608
60;5;3;462.0151652
61;6;3;462.0151652
62;6;5;395.5361707
63;6;1;707.1721562
64;3;3;462.0151652
65;2;2;446.0447608
66;2;4;507.837303
67;5;3;462.0151652
68;4;3;462.0151652
69;2;3;462.0151652
70;1;4;507.837303
71;6;2;446.0447608
72;2;3;462.0151652
73;5;2;446.0447608
74;6;2;446.0447608
75;1;2;446.0447608
76;3;5;395.5361707
77;2;2;446.0447608
78;6;3;462.0151652
79;4;4;507.837303
80;6;2;446.0447608
81;2;2;446.0447608
82;3;3;462.0151652
83;2;4;507.837303
84;2;3;462.0151652
85;4;2;446.0447608
86;1;3;462.0151652
87;4;3;462.0151652
88;3;4;507.837303
89;2;2;446.0447608
90;3;3;462.0151652
91;6;5;395.5361707
92;2;2;446.0447608
93;2;2;446.0447608
94;5;3;462.0151652
95;1;4;507.837303
96;5;3;462.0151652
97;5;2;446.0447608
98;1;2;446.0447608
99;3;3;462.0151652
100;5;4;507.837303
101;2;3;462.0151652
102;3;2;446.0447608
103;2;1;707.1721562
104;2;5;395.5361707
105;4;5;350.1593899
106;1;1;707.1721562
107;5;2;446.0447608
108;6;4;507.837303
109;3;5;395.5361707
110;6;3;462.0151652
111;3;2;446.0447608
112;6;3;462.0151652
113;2;2;446.0447608
114;6;1;707.1721562
115;6;2;446.0447608
116;2;3;462.0151652
117;4;1;707.1721562
118;2;3;462.0151652
119;4;1;707.1721562
120;4;2;446.0447608
121;4;4;507.837303
122;3;5;395.5361707
123;4;2;446.0447608
124;3;1;707.1721562
125;1;3;462.0151652
126;1;2;446.0447608
127;3;5;395.5361707
128;3;4;507.837303
129;2;3;462.0151652
130;6;4;507.837303
131;2;5;395.5361707
132;3;5;395.5361707
133;3;4;507.837303
134;5;1;707.1721562
135;5;5;395.5361707
136;5;2;446.0447608
137;1;4;507.837303
138;1;3;462.0151652
139;6;3;462.0151652
140;6;1;707.1721562
141;5;4;507.837303
142;2;2;446.0447608
143;2;4;507.837303
144;2;1;707.1721562
145;6;1;707.1721562
146;6;4;507.837303
147;2;1;707.1721562
148;3;2;446.0447608
149;5;2;446.0447608
150;3;4;507.837303
151;1;1;707.1721562
152;1;5;395.5361707
153;4;4;507.837303
154;5;4;507.837303
155;3;3;462.0151652
156;5;1;707.1721562
157;1;3;462.0151652
158;1;5;395.5361707
159;6;1;707.1721562
160;4;1;707.1721562
161;6;2;446.0447608
162;4;2;446.0447608
163;5;1;707.1721562
164;6;3;462.0151652
165;4;4;507.837303
166;1;1;707.1721562
167;3;2;446.0447608
168;5;3;462.0151652
169;4;4;507.837303
170;1;4;507.837303
171;3;1;707.1721562
172;1;4;507.837303
173;6;2;446.0447608
174;6;3;462.0151652
175;3;4;507.837303
176;6;1;707.1721562
177;5;2;446.0447608
178;6;4;507.837303
179;5;2;446.0447608
180;2;1;707.1721562
181;1;5;395.5361707
182;5;2;446.0447608
183;6;2;446.0447608
184;3;3;462.0151652
185;5;4;507.837303
186;2;2;446.0447608
187;2;3;462.0151652
188;4;2;446.0447608
189;2;4;507.837303
190;6;1;707.1721562
191;4;1;707.1721562
192;2;4;507.837303
193;1;3;462.0151652
194;4;3;462.0151652
195;6;3;462.0151652
196;3;2;446.0447608
197;1;1;707.1721562
198;4;2;446.0447608
199;4;1;707.1721562
200;3;4;507.837303
201;2;1;707.1721562
202;1;4;507.837303
203;3;1;707.1721562
204;6;2;446.0447608
205;6;3;462.0151652
206;4;1;707.1721562
207;5;2;446.0447608
208;1;4;507.837303
209;4;4;507.837303
210;6;5;395.5361707
211;6;2;446.0447608
212;5;1;707.1721562
213;2;2;446.0447608
214;5;3;462.0151652
215;5;5;395.5361707
216;6;4;507.837303
217;3;3;462.0151652
218;4;2;446.0447608
219;4;2;446.0447608
220;5;3;462.0151652
221;5;2;446.0447608
222;3;2;446.0447608
223;3;5;395.5361707
224;1;4;507.837303
225;4;4;507.837303
226;2;1;707.1721562
227;4;4;507.837303
228;2;2;446.0447608
229;5;2;446.0447608
230;5;3;462.0151652
231;3;3;462.0151652
232;2;1;707.1721562
233;2;1;707.1721562
234;3;2;446.0447608
235;4;4;507.837303
236;5;5;395.5361707
237;2;1;707.1721562
238;1;3;462.0151652
239;6;4;507.837303
240;1;4;507.837303
241;4;1;707.1721562
242;4;2;446.0447608
243;1;3;462.0151652
244;5;1;707.1721562
245;4;3;462.0151652
246;5;2;446.0447608
247;1;1;707.1721562
248;3;2;446.0447608
249;5;2;446.0447608
250;4;1;707.1721562
251;2;4;507.837303
252;5;2;446.0447608
253;4;4;507.837303
254;4;3;462.0151652
255;3;2;446.0447608
256;3;1;707.1721562
257;4;1;707.1721562
258;6;2;446.0447608
259;3;1;707.1721562
260;2;4;507.837303
261;2;1;707.1721562
262;1;1;707.1721562
263;6;3;462.0151652
264;6;1;707.1721562
265;6;2;446.0447608
266;5;3;462.0151652
267;5;1;707.1721562
268;3;1;707.1721562
269;5;1;707.1721562
270;1;2;446.0447608
271;5;2;446.0447608
272;6;2;446.0447608
273;2;3;462.0151652
274;3;3;462.0151652
275;6;4;507.837303
276;2;4;507.837303
277;6;3;462.0151652
278;1;2;446.0447608
279;5;3;462.0151652
280;3;3;462.0151652
281;5;4;507.837303
282;2;4;507.837303
283;1;1;707.1721562
284;6;4;507.837303
285;2;4;507.837303
286;5;2;446.0447608
287;5;4;507.837303
288;5;1;707.1721562
289;5;4;507.837303
290;1;2;446.0447608
291;6;3;462.0151652
292;1;1;707.1721562
293;5;2;446.0447608
294;6;4;507.837303
295;1;3;462.0151652
296;4;4;507.837303
297;3;3;462.0151652
298;5;5;395.5361707
299;3;1;707.1721562
300;2;2;446.0447608
301;5;3;462.0151652
302;3;4;507.837303
303;2;4;507.837303
304;2;1;707.1721562
305;3;2;446.0447608
306;5;4;507.837303
307;6;1;707.1721562
308;3;3;462.0151652
309;4;4;507.837303
310;3;4;507.837303
311;3;1;707.1721562
312;5;1;707.1721562
313;2;2;446.0447608
314;3;4;507.837303
315;1;3;462.0151652
316;4;1;707.1721562
317;6;2;446.0447608
318;3;4;507.837303
319;6;4;507.837303
320;3;2;446.0447608
321;1;1;707.1721562
322;2;3;462.0151652
323;5;4;507.837303
324;6;1;707.1721562
325;6;3;462.0151652
326;6;1;707.1721562
327;3;2;446.0447608
328;1;1;707.1721562
329;6;2;446.0447608
330;4;4;507.837303
331;4;5;395.5361707
332;4;1;707.1721562
333;6;3;462.0151652
334;5;1;707.1721562
335;4;2;446.0447608
336;6;3;462.0151652
337;3;5;395.5361707
338;4;2;446.0447608
339;2;4;507.837303
340;1;1;707.1721562
341;6;3;462.0151652
342;4;4;507.837303
343;2;1;707.1721562
344;4;2;446.0447608
345;2;3;462.0151652
346;4;3;462.0151652
347;2;4;507.837303
348;3;1;707.1721562
349;4;2;446.0447608
350;6;1;707.1721562
351;4;4;507.837303
352;3;5;395.5361707
353;1;1;401.2646889
354;1;2;372.338391
355;3;3;378.2551652
356;6;3;378.2551652
357;1;2;372.338391
358;3;3;378.2551652
359;3;4;351.883708
360;5;1;401.2646889
361;4;2;372.338391
362;4;4;351.883708
363;5;5;350.1593899
364;3;4;351.883708
365;4;5;350.1593899
366;5;3;378.2551652
367;4;1;401.2646889
368;4;1;401.2646889
369;4;2;372.338391
370;2;5;350.1593899
371;2;5;350.1593899
372;6;1;401.2646889
373;5;1;401.2646889
374;1;4;351.883708
375;3;4;351.883708
376;5;2;372.338391
377;5;1;401.2646889
378;6;3;378.2551652
379;5;5;350.1593899
380;4;2;372.338391
381;5;4;351.883708
382;2;5;350.1593899
383;6;1;401.2646889
384;3;2;372.338391
385;5;4;351.883708
386;1;2;372.338391
387;6;5;350.1593899
388;6;5;350.1593899
389;2;1;401.2646889
390;5;1;401.2646889
391;2;4;351.883708
392;1;4;351.883708
393;6;2;372.338391
394;4;3;378.2551652
395;6;3;378.2551652
396;2;1;401.2646889
397;4;3;378.2551652
398;4;4;351.883708
399;6;2;372.338391
400;6;4;351.883708
401;4;1;401.2646889
402;5;3;378.2551652
403;3;2;372.338391
404;5;3;378.2551652
405;3;1;401.2646889
406;2;3;378.2551652
407;3;1;401.2646889
408;2;3;378.2551652
409;1;2;372.338391
410;1;2;372.338391
411;1;3;378.2551652
412;2;4;351.883708
413;1;3;378.2551652
414;1;4;351.883708
415;3;2;372.338391
416;4;4;351.883708
417;6;3;378.2551652
418;6;1;401.2646889
419;6;2;372.338391
420;3;2;372.338391
421;2;2;372.338391
422;6;3;378.2551652
423;2;1;401.2646889
424;6;1;401.2646889
425;5;3;378.2551652
426;4;2;372.338391
427;3;1;401.2646889
428;5;4;351.883708
429;6;3;378.2551652
430;4;2;372.338391
431;4;1;401.2646889
432;1;4;351.883708
433;4;4;351.883708
434;6;3;378.2551652
435;4;3;378.2551652
436;1;4;351.883708
437;2;4;351.883708
438;5;2;372.338391
439;5;2;372.338391
440;1;4;351.883708
441;1;2;372.338391
442;1;3;378.2551652
443;2;1;401.2646889
444;6;4;351.883708
445;5;5;350.1593899
446;1;1;401.2646889
447;5;2;372.338391
448;6;3;378.2551652
449;5;4;351.883708
450;1;1;401.2646889
451;4;4;351.883708
452;1;1;401.2646889
453;1;1;401.2646889
454;4;2;372.338391
455;4;5;350.1593899
456;1;1;401.2646889
457;6;1;401.2646889
458;6;2;372.338391
459;5;2;372.338391
460;3;3;378.2551652
461;6;4;351.883708
462;4;2;372.338391
463;2;2;372.338391
464;3;2;372.338391
465;1;1;401.2646889
466;4;1;401.2646889
467;5;5;350.1593899
468;4;1;401.2646889
469;3;1;401.2646889
470;1;2;372.338391
471;5;1;401.2646889
472;6;4;351.883708
473;4;3;378.2551652
474;4;4;351.883708
475;1;1;401.2646889
476;5;2;372.338391
477;1;4;351.883708
478;5;5;350.1593899
479;6;1;401.2646889
480;6;1;401.2646889
481;6;3;378.2551652
482;4;4;351.883708
483;1;3;378.2551652
484;5;3;378.2551652
485;5;1;401.2646889
486;6;5;350.1593899
487;2;4;351.883708
488;6;3;378.2551652
489;5;3;378.2551652
490;6;4;351.883708
491;5;3;378.2551652
492;3;2;372.338391
493;6;5;350.1593899
494;6;3;378.2551652
495;1;3;378.2551652
496;6;3;378.2551652
497;4;3;378.2551652
498;4;1;401.2646889
499;2;2;372.338391
500;2;3;378.2551652
501;3;4;351.883708
502;6;4;351.883708
503;2;4;351.883708
504;4;2;372.338391
505;2;1;401.2646889
506;6;3;378.2551652
507;3;3;378.2551652
508;3;1;401.2646889
509;5;2;372.338391
510;4;4;351.883708
511;4;1;401.2646889
512;3;1;401.2646889
513;5;3;378.2551652
514;1;4;351.883708
515;4;1;401.2646889
516;4;2;372.338391
517;2;2;372.338391
518;4;2;372.338391
519;3;2;372.338391
520;1;2;372.338391
521;3;3;378.2551652
522;2;4;351.883708
523;6;4;351.883708
524;3;4;351.883708
525;1;5;350.1593899
526;6;3;378.2551652
527;4;2;372.338391
528;6;1;401.2646889
529;4;1;401.2646889
530;1;1;401.2646889
531;6;2;372.338391
532;6;4;351.883708
533;1;4;351.883708
534;4;1;401.2646889
535;4;5;350.1593899
536;3;2;372.338391
537;2;4;351.883708
538;5;4;351.883708
539;6;3;378.2551652
540;2;1;401.2646889
541;5;1;401.2646889
542;4;3;378.2551652
543;2;2;372.338391
544;4;2;372.338391
545;5;3;378.2551652
546;5;4;351.883708
547;4;4;351.883708
548;5;1;401.2646889
549;5;2;372.338391
550;2;3;378.2551652
551;3;2;372.338391
552;1;1;401.2646889
553;4;4;351.883708
554;1;4;351.883708
555;5;2;372.338391
556;3;2;372.338391
557;5;3;378.2551652
558;3;1;401.2646889
559;5;1;401.2646889
560;2;3;378.2551652
561;3;2;372.338391
562;4;4;351.883708
563;6;4;351.883708
564;4;2;372.338391
565;5;4;351.883708
566;5;1;401.2646889
567;5;4;351.883708
568;5;1;401.2646889
569;2;2;372.338391
570;1;2;372.338391
571;6;3;378.2551652
572;6;4;351.883708
573;4;1;401.2646889
574;5;1;401.2646889
575;3;3;378.2551652
576;3;3;378.2551652
577;4;4;351.883708
578;1;4;351.883708
579;1;1;401.2646889
580;6;3;378.2551652
581;6;4;351.883708
582;1;3;378.2551652
583;3;3;378.2551652
584;2;4;351.883708
585;5;4;351.883708
586;6;1;401.2646889
587;1;2;372.338391
588;4;3;378.2551652
589;6;3;378.2551652
590;5;4;351.883708
591;3;1;401.2646889
592;1;3;378.2551652
593;6;4;351.883708
594;6;4;351.883708
595;6;3;378.2551652
596;5;1;401.2646889
597;3;2;372.338391
598;1;4;351.883708
599;6;5;350.1593899
600;5;4;351.883708
601;1;2;372.338391
602;1;2;372.338391
603;2;1;401.2646889
604;3;2;372.338391
605;4;3;378.2551652
606;4;4;351.883708
607;3;1;401.2646889
608;3;2;372.338391
609;4;4;351.883708
610;4;1;401.2646889
611;2;2;372.338391
612;3;4;351.883708
613;4;2;372.338391
614;6;1;401.2646889
615;6;3;378.2551652
616;2;4;351.883708
617;5;3;378.2551652
618;5;1;401.2646889
619;5;4;351.883708
620;6;1;401.2646889
621;5;2;372.338391
622;6;5;350.1593899
623;1;1;401.2646889
624;6;1;401.2646889
625;1;3;378.2551652
626;4;2;372.338391
627;6;2;372.338391
628;6;2;372.338391
629;2;4;351.883708
630;3;5;350.1593899
631;6;1;401.2646889
632;5;1;401.2646889
633;3;1;401.2646889
634;5;2;372.338391
635;6;2;372.338391
636;5;3;378.2551652
637;1;3;378.2551652
638;5;4;351.883708
639;2;1;401.2646889
640;3;4;351.883708
641;4;1;401.2646889
642;5;1;401.2646889
643;3;2;372.338391
644;1;2;372.338391
645;6;3;378.2551652
646;5;3;378.2551652
647;4;4;351.883708
648;6;4;351.883708
649;6;5;350.1593899
650;6;3;378.2551652
651;5;2;372.338391
652;5;3;378.2551652
653;2;4;351.883708
654;2;1;401.2646889
655;3;4;351.883708
656;6;2;372.338391
657;2;5;350.1593899
658;4;1;401.2646889
659;6;1;401.2646889
660;6;4;351.883708
661;3;2;372.338391
662;3;1;401.2646889
663;2;2;372.338391
664;6;3;378.2551652
665;2;2;372.338391
666;5;3;378.2551652
667;2;4;351.883708
668;1;1;401.2646889
669;5;4;351.883708
670;3;1;401.2646889
671;3;1;401.2646889
672;5;3;378.2551652
673;5;3;378.2551652
674;1;4;351.883708
675;5;2;372.338391
676;3;2;372.338391
677;4;2;372.338391
678;1;3;378.2551652
679;5;4;351.883708
680;3;1;401.2646889
681;4;3;378.2551652
682;3;3;378.2551652
683;3;4;351.883708
684;1;4;351.883708
685;3;2;372.338391
686;1;3;378.2551652
687;3;3;378.2551652
688;6;4;351.883708
689;3;2;372.338391
690;6;3;378.2551652
691;2;4;351.883708
692;4;5;350.1593899
693;1;1;401.2646889
694;1;2;372.338391
695;4;2;372.338391
696;4;1;401.2646889
697;5;2;372.338391
698;3;3;378.2551652
699;4;4;351.883708
700;5;1;401.2646889
701;2;2;372.338391
702;3;4;351.883708
703;5;4;351.883708
704;4;4;351.883708
705;5;2;372.338391
706;4;4;351.883708
707;1;3;378.2551652
708;3;1;401.2646889
709;4;1;401.2646889
710;2;2;372.338391
711;5;2;372.338391
712;5;4;351.883708
713;3;5;350.1593899
714;5;1;401.2646889
715;5;1;401.2646889
716;5;3;378.2551652
717;4;2;372.338391
718;3;1;401.2646889
719;1;3;378.2551652
720;4;4;351.883708
721;3;2;372.338391
722;6;2;372.338391
723;3;4;351.883708
724;5;4;351.883708
725;4;3;378.2551652
726;1;2;372.338391
727;1;3;378.2551652
728;5;4;351.883708
729;3;4;351.883708
730;6;5;350.1593899
731;6;1;401.2646889
732;5;3;378.2551652
733;6;1;401.2646889
734;2;4;351.883708
735;4;4;351.883708
736;3;2;372.338391
737;6;4;351.883708
738;5;3;378.2551652
739;6;1;401.2646889
740;3;2;372.338391
741;2;3;378.2551652
742;6;1;401.2646889
743;6;1;401.2646889
744;4;2;372.338391
745;3;2;372.338391
746;5;5;350.1593899
747;1;2;372.338391
748;2;3;378.2551652
749;2;1;401.2646889
750;6;1;401.2646889
751;4;1;401.2646889
752;4;3;378.2551652
753;3;3;350.474525
754;1;1;339.9882421
755;6;5;300.0748022
756;4;1;339.9882421
757;6;3;350.474525
758;1;2;352.9771458
759;3;1;339.9882421
760;1;3;350.474525
761;1;4;340.7154621
762;5;5;300.0748022
763;3;4;340.7154621
764;4;3;350.474525
765;1;1;339.9882421
766;2;1;339.9882421
767;2;3;350.474525
768;4;1;339.9882421
769;4;2;352.9771458
770;3;3;350.474525
771;2;4;340.7154621
772;4;4;340.7154621
773;4;4;340.7154621
774;3;1;339.9882421
775;3;3;350.474525
776;2;2;352.9771458
777;2;3;350.474525
778;4;1;339.9882421
779;1;2;352.9771458
780;1;4;340.7154621
781;6;4;340.7154621
782;5;4;340.7154621
783;3;2;352.9771458
784;2;4;340.7154621
785;6;1;339.9882421
786;1;1;339.9882421
787;1;2;352.9771458
788;6;3;350.474525
789;3;4;340.7154621
790;6;4;340.7154621
791;5;5;300.0748022
792;1;3;350.474525
793;6;2;352.9771458
794;1;3;350.474525
795;5;1;339.9882421
796;4;2;352.9771458
797;2;4;340.7154621
798;6;2;352.9771458
799;2;3;350.474525
800;4;5;300.0748022
801;1;3;350.474525
802;3;4;340.7154621
803;2;4;340.7154621
804;5;2;352.9771458
805;4;1;339.9882421
806;4;1;339.9882421
807;2;2;352.9771458
808;5;3;350.474525
809;4;4;340.7154621
810;2;3;350.474525
811;2;1;339.9882421
812;6;2;352.9771458
813;3;4;340.7154621
814;3;2;352.9771458
815;5;4;340.7154621
816;1;1;339.9882421
817;2;1;339.9882421
818;5;1;339.9882421
819;5;2;352.9771458
820;1;3;350.474525
821;3;1;339.9882421
822;1;3;350.474525
823;3;4;340.7154621
824;1;3;350.474525
825;5;3;350.474525
826;6;2;352.9771458
827;3;1;339.9882421
828;5;3;350.474525
829;2;1;339.9882421
830;1;5;300.0748022
831;5;4;340.7154621
832;3;2;352.9771458
833;2;4;340.7154621
834;3;1;339.9882421
835;1;2;352.9771458
836;6;4;340.7154621
837;3;1;339.9882421
838;5;4;340.7154621
839;5;4;340.7154621
840;2;5;300.0748022
841;6;3;350.474525
842;3;2;352.9771458
843;1;4;340.7154621
844;3;2;352.9771458
845;2;1;339.9882421
846;4;5;300.0748022
847;2;2;352.9771458
848;4;1;339.9882421
849;6;2;352.9771458
850;4;4;340.7154621
851;5;4;340.7154621
852;1;1;339.9882421
853;6;1;339.9882421
854;4;3;350.474525
855;1;2;352.9771458
856;4;5;300.0748022
857;2;3;350.474525
858;5;2;352.9771458
859;3;1;339.9882421
860;4;1;339.9882421
861;5;2;352.9771458
862;2;4;340.7154621
863;4;5;300.0748022
864;5;3;350.474525
865;4;1;339.9882421
866;3;2;352.9771458
867;3;3;350.474525
868;4;4;340.7154621
869;3;3;350.474525
870;4;4;340.7154621
871;6;2;352.9771458
872;6;3;350.474525
873;2;4;340.7154621
874;4;5;300.0748022
875;5;1;339.9882421
876;6;3;350.474525
877;3;4;340.7154621
878;4;1;339.9882421
879;2;2;352.9771458
880;5;1;339.9882421
881;3;3;350.474525
882;6;2;352.9771458
883;3;3;350.474525
884;1;3;350.474525
885;4;3;350.474525
886;2;2;352.9771458
887;6;3;350.474525
888;2;4;340.7154621
889;6;2;352.9771458
890;1;1;339.9882421
891;2;4;340.7154621
892;6;1;339.9882421
893;1;3;350.474525
894;6;4;340.7154621
895;2;5;300.0748022
896;3;3;350.474525
897;5;1;339.9882421
898;5;1;339.9882421
899;4;2;352.9771458
900;3;3;350.474525
901;6;2;352.9771458
902;2;3;350.474525
903;3;4;340.7154621
904;6;2;352.9771458
905;5;3;350.474525
906;6;4;340.7154621
907;3;5;300.0748022
908;1;2;352.9771458
909;1;2;352.9771458
910;2;3;350.474525
911;4;1;339.9882421
912;5;1;339.9882421
913;6;2;352.9771458
914;6;2;352.9771458
915;4;4;340.7154621
916;6;4;340.7154621
917;4;4;340.7154621
918;6;3;350.474525
919;5;1;339.9882421
920;6;2;352.9771458
921;3;4;340.7154621
922;1;2;352.9771458
923;4;3;350.474525
924;1;4;340.7154621
925;2;1;339.9882421
926;5;1;339.9882421
927;6;2;352.9771458
928;5;4;340.7154621
929;3;3;350.474525
930;5;5;300.0748022
931;2;2;352.9771458
932;6;3;350.474525
933;1;2;352.9771458
934;2;1;339.9882421
935;4;1;339.9882421
936;5;3;350.474525
937;4;5;300.0748022
938;2;2;352.9771458
939;5;4;340.7154621
940;3;1;339.9882421
941;4;2;352.9771458
942;5;4;340.7154621
943;3;3;350.474525
944;5;4;340.7154621
945;3;2;352.9771458
946;1;2;352.9771458
947;4;5;300.0748022
948;6;4;340.7154621
949;4;4;340.7154621
950;5;5;300.0748022
951;4;2;352.9771458
952;4;4;340.7154621
953;3;3;350.474525
954;6;3;350.474525
955;2;1;339.9882421
956;3;4;340.7154621
957;6;5;300.0748022
958;3;1;339.9882421
959;1;4;340.7154621
960;2;1;339.9882421
961;4;4;340.7154621
962;2;1;339.9882421
963;5;4;340.7154621
964;6;1;339.9882421
965;4;5;300.0748022
966;4;5;300.0748022
967;2;4;340.7154621
968;5;2;352.9771458
969;6;1;339.9882421
970;5;4;340.7154621
971;4;5;300.0748022
972;5;2;352.9771458
973;4;5;300.0748022
974;6;4;340.7154621
975;1;1;339.9882421
976;1;5;300.0748022
977;2;1;339.9882421
978;4;2;352.9771458
979;4;5;300.0748022
980;4;5;300.0748022
981;4;4;340.7154621
982;5;3;350.474525
983;3;1;339.9882421
984;1;2;352.9771458
985;4;3;350.474525
986;6;5;300.0748022
987;3;4;340.7154621
988;5;3;350.474525
989;3;2;352.9771458
990;4;2;352.9771458
991;5;1;339.9882421
992;4;1;339.9882421
993;2;3;350.474525
994;3;4;340.7154621
995;4;1;339.9882421
996;3;4;340.7154621
997;5;3;350.474525
998;3;1;339.9882421
999;6;1;339.9882421
1000;5;2;352.9771458
1001;6;4;340.7154621
1002;5;4;340.7154621
1003;2;2;352.9771458
1004;6;4;340.7154621
1005;3;1;339.9882421
1006;3;3;350.474525
1007;1;4;340.7154621
1008;5;5;300.0748022
1009;5;3;350.474525
1010;6;2;352.9771458
1011;3;1;339.9882421
1012;6;5;300.0748022
1013;2;2;352.9771458
1014;1;1;339.9882421
1015;3;1;339.9882421
1016;6;1;339.9882421
1017;5;4;340.7154621
1018;4;2;352.9771458
1019;5;2;352.9771458
1020;5;4;340.7154621
1021;6;2;352.9771458
1022;5;3;350.474525
1023;4;1;339.9882421
1024;5;3;350.474525
1025;6;2;352.9771458
1026;5;1;339.9882421
1027;6;5;300.0748022
1028;6;2;352.9771458
1029;6;2;352.9771458
1030;3;1;339.9882421
1031;2;1;339.9882421
1032;5;2;352.9771458
1033;6;4;340.7154621
1034;3;5;300.0748022
1035;1;1;339.9882421
1036;3;2;352.9771458
1037;5;2;352.9771458
1038;2;3;350.474525
1039;6;4;340.7154621
1040;2;3;350.474525
1041;4;1;339.9882421
1042;3;2;352.9771458
1043;6;2;352.9771458
1044;4;4;340.7154621
1045;5;5;300.0748022
1046;3;1;339.9882421
1047;6;2;352.9771458
1048;5;4;340.7154621
1049;4;2;352.9771458
1050;2;4;340.7154621
1051;1;4;340.7154621
1052;1;1;339.9882421
1053;5;4;340.7154621
1054;6;3;350.474525
1055;5;3;350.474525
1056;5;4;340.7154621
1057;3;3;350.474525
1058;5;3;350.474525
1059;4;1;339.9882421
1060;6;4;340.7154621
1061;2;1;339.9882421
1062;3;2;352.9771458
1063;1;2;352.9771458
1064;4;3;350.474525
1065;6;4;340.7154621
1066;3;4;340.7154621
1067;4;5;300.0748022
1068;5;4;340.7154621
1069;6;1;339.9882421
1070;2;3;350.474525
1071;1;1;339.9882421
1072;6;5;300.0748022
1073;3;2;352.9771458
1074;4;4;340.7154621
1075;4;2;352.9771458
1076;3;2;352.9771458
1077;2;2;352.9771458
1078;4;4;340.7154621
1079;3;3;350.474525
1080;6;2;352.9771458
1081;4;1;339.9882421
1082;1;2;352.9771458
1083;6;3;350.474525
1084;6;3;350.474525
1085;6;4;340.7154621
1086;3;1;339.9882421
1087;6;1;339.9882421
1088;5;2;352.9771458
1089;6;4;340.7154621
1090;1;1;339.9882421
1091;3;2;352.9771458
1092;2;3;350.474525
1093;5;1;339.9882421
1094;2;3;350.474525
1095;6;4;340.7154621
1096;3;1;339.9882421
1097;4;2;352.9771458
1098;5;1;339.9882421
1099;1;2;352.9771458
1100;5;1;339.9882421
1101;5;4;340.7154621
1102;2;2;352.9771458
1103;3;2;352.9771458
1104;2;4;340.7154621
1105;4;1;339.9882421
1106;2;5;300.0748022
1107;6;1;339.9882421
1108;5;2;352.9771458
1109;3;4;340.7154621
1110;4;4;340.7154621
1111;5;1;339.9882421
1112;6;4;340.7154621
1113;4;5;300.0748022
1114;6;1;339.9882421
1115;4;2;352.9771458
1116;1;3;350.474525
1117;1;4;340.7154621
1118;5;4;340.7154621
1119;6;4;340.7154621
1120;5;1;339.9882421
1121;6;1;339.9882421
1122;4;2;352.9771458
1123;3;3;350.474525
1124;1;4;340.7154621
1125;2;1;339.9882421
1126;4;2;352.9771458
1127;1;3;350.474525
1128;5;4;340.7154621
1129;6;2;352.9771458
1130;6;3;350.474525
1131;5;4;340.7154621
1132;2;4;340.7154621
1133;6;1;339.9882421
1134;4;2;352.9771458
1135;2;4;340.7154621
1136;2;3;350.474525
1137;3;4;340.7154621
1138;6;5;300.0748022
1139;2;1;339.9882421
1140;3;2;352.9771458
1141;5;2;352.9771458
1142;2;4;340.7154621
1143;5;4;340.7154621
1144;4;5;300.0748022
1145;6;5;300.0748022
1146;5;2;352.9771458
1147;1;5;300.0748022
1148;3;4;340.7154621
1149;5;2;352.9771458
1150;5;2;352.9771458
1151;5;2;352.9771458
1152;6;2;352.9771458
1153;6;3;350.474525
1154;6;4;340.7154621
1155;4;1;339.9882421
1156;5;2;352.9771458
1157;3;3;350.474525
1158;6;2;352.9771458
1159;5;3;350.474525
1160;5;5;300.0748022
1161;1;5;300.0748022
1162;5;1;339.9882421
1163;1;5;300.0748022
1164;3;3;350.474525
1165;1;4;340.7154621
1166;2;4;340.7154621
1167;1;2;352.9771458
1168;2;1;339.9882421
1169;2;1;339.9882421
1170;1;2;352.9771458
1171;1;3;350.474525
1172;2;5;300.0748022
1173;6;1;339.9882421
1174;1;3;350.474525
1175;4;3;350.474525
1176;3;4;340.7154621
1177;1;3;350.474525
1178;6;2;352.9771458
1179;4;4;340.7154621
1180;5;2;352.9771458
1181;4;1;339.9882421
1182;1;1;339.9882421
1183;6;3;350.474525
1184;5;4;340.7154621
1185;5;3;375.2791791
1186;5;3;375.2791791
1187;1;1;476.2836774
1188;6;2;379.0778415
1189;1;5;345.0188148
1190;5;4;418.368021
1191;2;1;476.2836774
1192;2;5;345.0188148
1193;4;2;379.0778415
1194;6;2;379.0778415
1195;3;3;375.2791791
1196;1;4;418.368021
1197;4;1;476.2836774
1198;6;2;379.0778415
1199;6;1;476.2836774
1200;1;3;375.2791791
1201;5;1;476.2836774
1202;2;2;379.0778415
1203;6;1;476.2836774
1204;3;2;379.0778415
1205;6;4;418.368021
1206;3;5;345.0188148
1207;4;2;379.0778415
1208;6;3;375.2791791
1209;6;4;418.368021
1210;4;1;476.2836774
1211;3;4;418.368021
1212;3;5;345.0188148
1213;4;1;476.2836774
1214;4;2;379.0778415
1215;3;4;418.368021
1216;5;4;418.368021
1217;4;1;476.2836774
1218;5;2;379.0778415
1219;1;1;476.2836774
1220;2;3;375.2791791
1221;5;2;379.0778415
1222;3;1;476.2836774
1223;5;2;379.0778415
1224;5;4;418.368021
1225;3;5;345.0188148
1226;2;2;379.0778415
1227;3;3;375.2791791
1228;4;4;418.368021
1229;1;2;379.0778415
1230;4;2;379.0778415
1231;4;5;345.0188148
1232;3;4;418.368021
1233;3;4;418.368021
1234;1;3;375.2791791
1235;2;2;379.0778415
1236;4;1;476.2836774
1237;6;3;375.2791791
1238;6;4;418.368021
1239;5;5;345.0188148
1240;1;5;345.0188148
1241;5;1;476.2836774
1242;3;2;379.0778415
1243;2;4;418.368021
1244;6;2;379.0778415
1245;5;3;375.2791791
1246;4;5;345.0188148
1247;6;2;379.0778415
1248;5;1;476.2836774
1249;1;2;379.0778415
1250;1;1;476.2836774
1251;6;3;375.2791791
1252;6;2;379.0778415
1253;6;3;375.2791791
1254;3;4;418.368021
1255;3;4;418.368021
1256;5;3;375.2791791
1257;2;3;375.2791791
1258;6;5;345.0188148
1259;5;1;476.2836774
1260;3;1;476.2836774
1261;6;4;418.368021
1262;5;4;418.368021
1263;3;1;476.2836774
1264;5;2;379.0778415
1265;1;2;379.0778415
1266;4;3;375.2791791
1267;1;5;345.0188148
1268;5;5;345.0188148
1269;3;2;379.0778415
1270;3;2;379.0778415
1271;2;3;375.2791791
1272;1;4;418.368021
1273;5;4;418.368021
1274;4;1;476.2836774
1275;1;1;476.2836774
1276;5;2;379.0778415
1277;4;1;476.2836774
1278;6;2;379.0778415
1279;5;2;379.0778415
1280;6;4;418.368021
1281;6;4;418.368021
1282;3;4;418.368021
1283;6;1;476.2836774
1284;1;4;418.368021
1285;6;3;375.2791791
1286;3;3;375.2791791
1287;2;1;476.2836774
1288;1;2;379.0778415
1289;3;2;379.0778415
1290;6;2;379.0778415
1291;4;4;418.368021
1292;6;3;375.2791791
1293;3;2;379.0778415
1294;6;4;418.368021
1295;4;1;476.2836774
1296;2;4;418.368021
1297;5;2;379.0778415
1298;5;3;375.2791791
1299;4;5;345.0188148
1300;5;1;476.2836774
1301;3;1;476.2836774
1302;1;2;379.0778415
1303;6;4;418.368021
1304;6;1;476.2836774
1305;5;4;418.368021
1306;3;5;345.0188148
1307;3;1;476.2836774
1308;4;4;418.368021
1309;4;2;379.0778415
1310;6;3;375.2791791
1311;5;3;375.2791791
1312;1;1;476.2836774
1313;4;4;418.368021
1314;5;3;375.2791791
1315;3;2;379.0778415
1316;4;1;476.2836774
1317;6;1;476.2836774
1318;5;2;379.0778415
1319;5;3;375.2791791
1320;4;1;476.2836774
1321;4;2;379.0778415
1322;3;3;375.2791791
1323;1;3;375.2791791
1324;4;2;379.0778415
1325;3;4;418.368021
1326;3;2;379.0778415
1327;4;3;375.2791791
1328;6;4;418.368021
1329;4;5;345.0188148
1330;1;1;476.2836774
1331;4;2;379.0778415
1332;3;3;375.2791791
1333;5;1;476.2836774
1334;5;2;379.0778415
1335;4;4;418.368021
1336;6;2;379.0778415
1337;5;3;375.2791791
1338;4;5;345.0188148
1339;4;2;379.0778415
1340;6;3;375.2791791
1341;2;4;418.368021
1342;3;1;476.2836774
1343;1;5;345.0188148
1344;4;2;379.0778415
1345;3;4;418.368021
1346;3;4;418.368021
1347;2;1;476.2836774
1348;3;1;476.2836774
1349;1;3;375.2791791
1350;2;3;375.2791791
1351;4;4;418.368021
1352;3;4;418.368021
1353;1;4;418.368021
1354;5;4;418.368021
1355;3;1;476.2836774
1356;6;4;418.368021
1357;5;2;379.0778415
1358;2;1;476.2836774
1359;6;2;379.0778415
1360;2;4;418.368021
1361;6;5;345.0188148
1362;1;1;476.2836774
1363;5;2;379.0778415
1364;3;2;379.0778415
1365;1;4;418.368021
1366;5;5;345.0188148
1367;4;3;375.2791791
1368;3;5;345.0188148
1369;1;1;476.2836774
1370;6;2;379.0778415
1371;3;3;375.2791791
1372;6;4;418.368021
1373;3;2;379.0778415
1374;1;3;375.2791791
1375;4;3;375.2791791
1376;5;3;375.2791791
1377;4;3;375.2791791
1378;5;2;379.0778415
1379;2;3;375.2791791
1380;6;2;379.0778415
1381;3;2;379.0778415
1382;4;1;476.2836774
1383;1;2;379.0778415
1384;4;1;476.2836774
1385;6;3;375.2791791
1386;5;3;375.2791791
1387;5;1;476.2836774
1388;4;4;418.368021
1389;6;2;379.0778415
1390;6;3;375.2791791
1391;5;1;476.2836774
1392;4;1;476.2836774
1393;4;4;418.368021
1394;4;2;379.0778415
1395;4;4;418.368021
1396;6;1;476.2836774
1397;4;2;379.0778415
1398;5;2;379.0778415
1399;2;3;375.2791791
1400;6;4;418.368021
1401;5;4;418.368021
1402;6;1;476.2836774
1403;5;2;379.0778415
1404;3;3;375.2791791
1405;3;4;418.368021
1406;1;2;379.0778415
1407;5;2;379.0778415
1408;1;1;476.2836774
1409;6;2;379.0778415
1410;5;3;375.2791791
1411;2;4;418.368021
1412;6;1;476.2836774
1413;3;1;476.2836774
1414;6;5;345.0188148
1415;2;4;418.368021
1416;3;4;418.368021
1417;2;3;375.2791791
1418;2;1;476.2836774
1419;6;2;379.0778415
1420;4;3;375.2791791
1421;4;2;379.0778415
1422;1;4;418.368021
1423;4;4;418.368021
1424;1;2;379.0778415
1425;6;3;375.2791791
1426;1;4;418.368021
1427;5;5;345.0188148
1428;6;1;476.2836774
1429;6;1;476.2836774
1430;4;2;379.0778415
1431;4;4;418.368021
1432;1;5;345.0188148
1433;4;1;476.2836774
1434;5;4;418.368021
1435;6;5;345.0188148
1436;3;1;476.2836774
1437;5;2;379.0778415
1438;4;2;379.0778415
1439;5;3;375.2791791
1440;3;4;418.368021
1441;2;4;418.368021
1442;4;5;345.0188148
1443;5;3;375.2791791
1444;3;4;418.368021
1445;6;3;375.2791791
1446;1;3;375.2791791
1447;5;2;379.0778415
1448;4;1;476.2836774
1449;2;1;476.2836774
1450;6;3;375.2791791
1451;5;2;379.0778415
1452;4;2;379.0778415
1453;4;4;418.368021
1454;2;4;418.368021
1455;6;1;476.2836774
1456;4;2;379.0778415
1457;2;2;379.0778415
1458;6;4;418.368021
1459;1;5;345.0188148
1460;3;2;379.0778415
1461;6;4;418.368021
1462;6;2;379.0778415
1463;1;2;379.0778415
1464;5;3;375.2791791
1465;4;4;418.368021
1466;4;2;379.0778415
1467;1;2;379.0778415
1468;1;3;375.2791791
1469;2;4;418.368021
1470;6;5;345.0188148
1471;6;1;476.2836774
1472;5;2;379.0778415
1473;6;4;418.368021
1474;1;3;375.2791791
1475;5;3;375.2791791
1476;5;1;476.2836774
1477;1;2;379.0778415
1478;5;2;379.0778415
1479;2;4;418.368021
1480;3;4;418.368021
1481;4;1;476.2836774
1482;1;4;418.368021
1483;6;5;345.0188148
1484;3;1;476.2836774
1485;5;3;375.2791791
1486;3;1;476.2836774
1487;5;4;418.368021
1488;3;1;476.2836774
1489;3;2;379.0778415
1490;5;2;379.0778415
1491;5;2;379.0778415
1492;2;3;375.2791791
1493;2;4;418.368021
1494;4;4;418.368021
1495;1;4;418.368021
1496;4;1;476.2836774
1497;2;2;379.0778415
1498;6;2;379.0778415
1499;3;4;418.368021
1500;4;4;418.368021
1501;3;4;418.368021
1502;5;2;379.0778415
1503;3;3;375.2791791
1504;2;3;375.2791791
1505;4;1;476.2836774
1506;3;1;476.2836774
1507;4;1;476.2836774
1508;2;2;379.0778415
1509;2;4;418.368021
1510;5;3;375.2791791
1511;5;2;379.0778415
1512;2;3;375.2791791
1513;3;4;418.368021
1514;4;1;476.2836774
1515;5;2;379.0778415
1516;4;3;375.2791791
1517;1;2;379.0778415
1518;6;4;418.368021
1519;4;4;418.368021
1520;1;5;345.0188148
1521;6;1;476.2836774
1522;2;1;476.2836774
1523;1;1;476.2836774
1524;5;2;379.0778415
1525;4;3;375.2791791
1526;6;2;379.0778415
1527;6;3;375.2791791
1528;1;4;418.368021
1529;4;4;418.368021
1530;4;5;345.0188148
1531;2;3;375.2791791
1532;2;1;476.2836774
1533;3;3;375.2791791
1534;6;3;375.2791791
1535;4;4;418.368021
1536;3;1;476.2836774
1537;5;1;476.2836774
1538;4;4;418.368021
1539;6;5;345.0188148
1540;1;4;418.368021
1541;3;5;345.0188148
1542;1;3;375.2791791
1543;6;1;476.2836774
1544;1;2;379.0778415
1545;6;3;375.2791791
1546;3;2;379.0778415
1547;1;1;476.2836774
1548;5;4;418.368021
1549;2;5;345.0188148
1550;5;1;476.2836774
1551;2;2;379.0778415
1552;3;3;375.2791791
1553;1;2;379.0778415
1554;1;2;379.0778415
1555;5;1;476.2836774
1556;3;1;476.2836774
1557;5;1;476.2836774
1558;3;2;379.0778415
1559;6;5;345.0188148
1560;1;2;379.0778415
1561;3;4;418.368021
1562;2;3;375.2791791
1563;3;1;476.2836774
1564;6;2;379.0778415
1565;4;1;476.2836774
1566;4;2;379.0778415
1567;5;4;418.368021
1568;3;1;476.2836774
1569;4;4;418.368021
1570;4;5;345.0188148
1571;1;2;379.0778415
1572;3;4;418.368021
1573;6;2;379.0778415
1574;4;1;476.2836774
1575;3;2;379.0778415
1576;6;4;418.368021
1577;6;2;379.0778415
1578;2;1;476.2836774
1579;6;1;476.2836774
1580;1;2;379.0778415
1581;5;3;375.2791791
1582;6;4;418.368021
1583;2;2;379.0778415
1584;2;1;476.2836774
1585;3;1;476.2836774
1586;5;2;379.0778415
1587;4;4;418.368021
1588;5;5;345.0188148
1589;2;3;375.2791791
1590;3;1;476.2836774
1591;5;2;379.0778415
1592;6;1;476.2836774
1593;6;2;379.0778415
1594;4;1;476.2836774
1595;2;2;379.0778415
1596;3;2;379.0778415
1597;4;3;375.2791791
1598;2;1;476.2836774
1599;4;2;379.0778415
1600;3;2;379.0778415
1601;4;4;418.368021
1602;1;4;418.368021
1603;5;1;476.2836774
1604;6;3;375.2791791
1605;2;3;375.2791791
1606;2;2;379.0778415
1607;5;2;379.0778415
1608;3;5;345.0188148
1609;4;4;418.368021
1610;1;2;379.0778415
1611;3;1;476.2836774
1612;6;3;375.2791791
1613;3;3;375.2791791
1614;5;3;375.2791791
1615;4;3;375.2791791
1616;6;4;418.368021
1617;5;1;476.2836774
1618;6;1;476.2836774
1619;6;3;375.2791791
1620;2;3;375.2791791
1621;6;4;418.368021
1622;2;3;375.2791791
1623;4;1;476.2836774
1624;2;1;476.2836774
1625;1;3;375.2791791
1626;3;4;418.368021
1627;3;2;379.0778415
1628;5;1;476.2836774
1629;4;1;476.2836774
1630;3;2;379.0778415
1631;6;4;418.368021
1632;3;1;476.2836774
1633;6;4;418.368021
1634;2;4;418.368021
1635;6;5;345.0188148
1636;4;4;418.368021
1637;3;5;345.0188148
1638;5;3;375.2791791
1639;5;4;418.368021
1640;4;4;418.368021
1641;6;2;379.0778415
1642;6;3;375.2791791
1643;2;1;476.2836774
1644;1;3;375.2791791
1645;2;3;375.2791791
1646;3;4;418.368021
1647;6;4;418.368021
1648;4;1;476.2836774
1649;6;5;345.0188148
1650;5;2;379.0778415
1651;6;4;418.368021
1652;5;3;375.2791791
1653;4;4;418.368021
1654;5;4;418.368021
1655;2;3;375.2791791
1656;4;2;379.0778415
1657;1;2;379.0778415
1658;3;3;375.2791791
1659;4;1;383.0841258
1660;6;2;346.7000684
1661;5;1;383.0841258
1662;5;3;340.2590152
1663;1;2;346.7000684
1664;3;1;383.0841258
1665;5;3;340.2590152
1666;3;4;339.8685987
1667;5;2;346.7000684
1668;5;1;383.0841258
1669;6;1;383.0841258
1670;5;2;346.7000684
1671;3;2;346.7000684
1672;5;3;340.2590152
1673;4;4;339.8685987
1674;5;2;346.7000684
1675;3;2;346.7000684
1676;4;1;383.0841258
1677;3;3;340.2590152
1678;2;2;346.7000684
1679;3;4;339.8685987
1680;4;1;383.0841258
1681;1;4;339.8685987
1682;4;4;339.8685987
1683;6;5;364.7146945
1684;3;1;383.0841258
1685;1;2;346.7000684
1686;6;3;340.2590152
1687;6;2;346.7000684
1688;6;2;346.7000684
1689;3;3;340.2590152
1690;3;4;339.8685987
1691;1;4;339.8685987
1692;5;4;339.8685987
1693;6;2;346.7000684
1694;6;3;340.2590152
1695;6;2;346.7000684
1696;2;4;339.8685987
1697;5;3;340.2590152
1698;4;1;383.0841258
1699;3;2;346.7000684
1700;4;3;340.2590152
1701;4;4;339.8685987
1702;6;5;364.7146945
1703;4;1;383.0841258
1704;1;2;346.7000684
1705;4;2;346.7000684
1706;4;5;364.7146945
1707;4;4;339.8685987
1708;5;2;346.7000684
1709;2;4;339.8685987
1710;3;3;340.2590152
1711;2;5;364.7146945
1712;3;5;364.7146945
1713;1;4;339.8685987
1714;2;2;346.7000684
1715;2;2;346.7000684
1716;2;5;364.7146945
1717;6;2;346.7000684
1718;3;5;364.7146945
1719;6;3;340.2590152
1720;2;2;346.7000684
1721;3;4;339.8685987
1722;5;4;339.8685987
1723;5;5;364.7146945
1724;5;4;339.8685987
1725;2;2;346.7000684
1726;6;3;340.2590152
1727;4;3;340.2590152
1728;5;2;346.7000684
1729;1;5;364.7146945
1730;5;1;383.0841258
1731;4;1;383.0841258
1732;3;1;383.0841258
1733;6;1;383.0841258
1734;2;3;340.2590152
1735;3;4;339.8685987
1736;6;5;364.7146945
1737;4;5;364.7146945
1738;6;1;383.0841258
1739;4;3;340.2590152
1740;5;2;346.7000684
1741;1;3;340.2590152
1742;4;2;346.7000684
1743;6;2;346.7000684
1744;3;2;346.7000684
1745;2;2;346.7000684
1746;2;4;339.8685987
1747;2;3;340.2590152
1748;3;3;340.2590152
1749;5;4;339.8685987
1750;3;5;364.7146945
1751;5;1;383.0841258
1752;5;4;339.8685987
1753;5;2;346.7000684
1754;1;2;346.7000684
1755;4;4;339.8685987
1756;2;4;339.8685987
1757;5;4;339.8685987
1758;2;4;339.8685987
1759;6;3;340.2590152
1760;5;1;383.0841258
1761;5;2;346.7000684
1762;4;4;339.8685987
1763;2;1;383.0841258
1764;4;1;383.0841258
1765;5;1;383.0841258
1766;5;5;364.7146945
1767;5;4;339.8685987
1768;6;2;346.7000684
1769;2;5;364.7146945
1770;5;2;346.7000684
1771;4;3;340.2590152
1772;4;1;383.0841258
1773;2;3;340.2590152
1774;2;4;339.8685987
1775;4;5;364.7146945
1776;6;2;346.7000684
1777;2;2;346.7000684
1778;4;3;340.2590152
1779;2;1;383.0841258
1780;1;4;339.8685987
1781;5;4;339.8685987
1782;2;3;340.2590152
1783;5;4;339.8685987
1784;6;2;346.7000684
1785;2;4;339.8685987
1786;6;4;339.8685987
1787;5;1;383.0841258
1788;5;1;383.0841258
1789;5;2;346.7000684
1790;5;1;383.0841258
1791;4;4;339.8685987
1792;2;2;346.7000684
1793;4;5;364.7146945
1794;4;5;364.7146945
1795;4;1;383.0841258
1796;3;1;383.0841258
1797;1;1;383.0841258
1798;2;3;340.2590152
1799;4;1;383.0841258
1800;2;2;346.7000684
1801;6;1;383.0841258
1802;5;5;364.7146945
1803;5;4;339.8685987
1804;3;4;339.8685987
1805;5;3;340.2590152
1806;5;3;340.2590152
1807;6;2;346.7000684
1808;5;2;346.7000684
1809;3;3;340.2590152
1810;6;1;383.0841258
1811;6;4;339.8685987
1812;3;5;364.7146945
1813;1;4;339.8685987
1814;1;2;346.7000684
1815;4;2;346.7000684
1816;2;3;340.2590152
1817;5;4;339.8685987
1818;1;3;340.2590152
1819;4;4;339.8685987
1820;5;5;364.7146945
1821;4;2;346.7000684
1822;6;3;340.2590152
1823;5;2;346.7000684
1824;5;3;340.2590152
1825;6;2;346.7000684
1826;4;2;346.7000684
1827;5;3;340.2590152
1828;6;4;339.8685987
1829;2;4;339.8685987
1830;6;3;340.2590152
1831;1;2;346.7000684
1832;5;3;340.2590152
1833;2;1;383.0841258
1834;3;1;383.0841258
1835;6;2;346.7000684
1836;3;4;339.8685987
1837;2;5;364.7146945
1838;4;2;346.7000684
1839;4;2;346.7000684
1840;2;2;346.7000684
1841;3;2;346.7000684
1842;6;4;339.8685987
1843;6;4;339.8685987
1844;5;1;383.0841258
1845;4;3;340.2590152
1846;2;4;339.8685987
1847;2;4;339.8685987
1848;1;2;346.7000684
1849;4;2;346.7000684
1850;2;4;339.8685987
1851;5;4;339.8685987
1852;6;5;364.7146945
1853;1;1;383.0841258
1854;5;2;346.7000684
1855;3;5;364.7146945
1856;5;2;346.7000684
1857;5;3;340.2590152
1858;2;1;383.0841258
1859;1;2;346.7000684
1860;1;3;340.2590152
1861;2;2;346.7000684
1862;1;3;340.2590152
1863;1;4;339.8685987
1864;3;4;339.8685987
1865;5;4;339.8685987
1866;2;1;383.0841258
1867;1;4;339.8685987
1868;6;2;346.7000684
1869;4;4;339.8685987
1870;3;4;339.8685987
1871;5;1;383.0841258
1872;4;2;346.7000684
1873;2;2;346.7000684
1874;5;5;364.7146945
1875;6;2;346.7000684
1876;3;5;364.7146945
1877;4;3;340.2590152
1878;4;4;339.8685987
1879;6;4;339.8685987
1880;3;1;383.0841258
1881;2;1;383.0841258
1882;4;3;340.2590152
1883;2;1;383.0841258
1884;3;5;364.7146945
1885;2;4;339.8685987
1886;4;3;340.2590152
1887;2;1;383.0841258
1888;4;2;346.7000684
1889;4;4;339.8685987
1890;1;5;364.7146945
1891;2;5;364.7146945
1892;6;4;339.8685987
1893;6;3;340.2590152
1894;4;1;383.0841258
1895;5;1;383.0841258
1896;5;1;383.0841258
1897;6;3;340.2590152
1898;4;1;383.0841258
1899;4;2;346.7000684
1900;1;3;340.2590152
1901;3;1;383.0841258
1902;3;2;346.7000684
1903;6;2;346.7000684
1904;5;3;340.2590152
1905;6;5;364.7146945
1906;1;3;340.2590152
1907;5;4;339.8685987
1908;6;3;340.2590152
1909;6;1;383.0841258
1910;4;3;340.2590152
1911;3;5;364.7146945
1912;4;4;339.8685987
1913;5;3;340.2590152
1914;2;1;383.0841258
1915;6;2;346.7000684
1916;2;3;340.2590152
1917;1;2;346.7000684
1918;2;3;340.2590152
1919;3;1;383.0841258
1920;1;3;340.2590152
1921;1;1;383.0841258
1922;6;5;364.7146945
1923;4;1;383.0841258
1924;6;3;340.2590152
1925;4;1;383.0841258
1926;5;1;383.0841258
1927;5;1;383.0841258
1928;1;2;346.7000684
1929;3;3;340.2590152
1930;3;5;364.7146945
1931;2;5;364.7146945
1932;6;2;346.7000684
1933;4;4;339.8685987
1934;1;4;339.8685987
1935;3;3;340.2590152
1936;5;4;339.8685987
1937;4;1;383.0841258
1938;6;1;383.0841258
1939;3;4;339.8685987
1940;1;3;340.2590152
1941;3;2;346.7000684
1942;3;3;340.2590152
1943;6;2;346.7000684
1944;2;2;346.7000684
1945;4;1;383.0841258
1946;5;3;340.2590152
1947;6;4;339.8685987
1948;4;3;340.2590152
1949;5;1;383.0841258
1950;6;2;346.7000684
1951;6;1;383.0841258
1952;3;2;346.7000684
1953;2;1;383.0841258
1954;6;3;340.2590152
1955;1;2;346.7000684
1956;5;4;339.8685987
1957;1;2;346.7000684
1958;5;2;346.7000684
1959;1;3;340.2590152
1960;6;4;339.8685987
1961;5;4;339.8685987
1962;6;4;339.8685987
1963;5;4;339.8685987
1964;2;4;339.8685987
1965;2;3;340.2590152
1966;6;3;340.2590152
1967;4;2;346.7000684
1968;6;2;346.7000684
1969;6;2;346.7000684
1970;6;3;340.2590152
1971;4;4;339.8685987
1972;5;3;340.2590152
1973;5;2;346.7000684
1974;5;4;339.8685987
1975;3;5;364.7146945
1976;6;4;339.8685987
1977;2;5;364.7146945
1978;5;4;339.8685987
1979;3;3;340.2590152
1980;6;1;383.0841258
1981;1;1;383.0841258
1982;4;2;346.7000684
1983;5;4;339.8685987
1984;4;1;383.0841258
1985;4;1;383.0841258
1986;5;1;383.0841258
1987;1;2;346.7000684
1988;2;2;346.7000684
1989;2;4;339.8685987
1990;2;2;346.7000684
1991;6;5;364.7146945
1992;4;5;364.7146945
1993;4;3;340.2590152
1994;3;5;364.7146945
1995;6;2;346.7000684
1996;3;2;346.7000684
1997;4;4;339.8685987
1998;1;5;364.7146945
1999;1;5;364.7146945
2000;2;1;383.0841258
2001;1;2;346.7000684
2002;5;1;383.0841258
2003;3;3;340.2590152
2004;3;2;346.7000684
2005;4;1;383.0841258
2006;6;1;383.0841258
2007;1;2;346.7000684
2008;2;5;364.7146945
2009;1;2;346.7000684
2010;3;4;339.8685987
2011;4;1;383.0841258
2012;2;1;383.0841258
2013;4;1;383.0841258
2014;5;2;346.7000684
2015;2;5;364.7146945
2016;5;1;383.0841258
2017;3;3;340.2590152
2018;2;4;339.8685987
2019;4;2;346.7000684
2020;1;2;346.7000684
2021;4;1;383.0841258
2022;1;3;340.2590152
2023;2;1;383.0841258
2024;6;1;383.0841258
2025;2;4;339.8685987
2026;4;2;346.7000684
2027;3;2;346.7000684
2028;5;3;340.2590152
2029;1;1;383.0841258
2030;4;1;383.0841258
2031;2;2;346.7000684
2032;3;1;383.0841258
2033;6;5;364.7146945
2034;3;1;383.0841258
2035;2;4;339.8685987
2036;2;3;340.2590152
2037;4;2;346.7000684
2038;2;3;340.2590152
2039;6;2;346.7000684
2040;5;2;346.7000684
2041;5;1;383.0841258
2042;4;1;383.0841258
2043;1;1;383.0841258
2044;5;2;346.7000684
2045;2;2;346.7000684
2046;2;2;346.7000684
2047;4;3;340.2590152
2048;3;4;339.8685987
2049;1;4;339.8685987
2050;6;4;339.8685987
2051;6;4;339.8685987
2052;1;2;346.7000684
2053;4;2;346.7000684
2054;5;5;364.7146945
2055;3;5;364.7146945
2056;2;2;346.7000684
2057;3;1;383.0841258
2058;4;3;340.2590152
2059;4;5;364.7146945
2060;1;2;346.7000684
2061;1;2;346.7000684
2062;3;1;383.0841258
2063;6;5;364.7146945
2064;2;3;340.2590152
2065;2;4;339.8685987
2066;5;1;383.0841258
2067;3;3;340.2590152
2068;4;5;364.7146945
2069;3;1;383.0841258
2070;6;2;346.7000684
2071;3;5;364.7146945
2072;5;2;346.7000684
2073;3;3;340.2590152
2074;4;5;364.7146945
2075;6;5;364.7146945
2076;2;4;339.8685987
2077;3;3;340.2590152
2078;3;3;340.2590152
2079;4;2;346.7000684
2080;4;2;346.7000684
2081;3;1;383.0841258
2082;5;1;383.0841258
2083;5;3;340.2590152
2084;5;1;383.0841258
2085;4;1;383.0841258
2086;6;3;340.2590152
2087;6;4;339.8685987
2088;3;4;339.8685987
2089;3;2;346.7000684
2090;3;1;383.0841258
2091;3;1;383.0841258
2092;1;2;346.7000684
2093;3;2;346.7000684
2094;2;1;383.0841258
2095;3;3;340.2590152
2096;4;4;339.8685987
2097;6;3;340.2590152
2098;6;4;339.8685987
2099;5;4;339.8685987
2100;2;4;339.8685987
2101;2;3;340.2590152
2102;5;2;346.7000684
2103;5;4;339.8685987
2104;1;1;383.0841258
2105;6;2;346.7000684
2106;4;2;346.7000684
2107;4;2;346.7000684
2108;6;4;339.8685987
2109;4;1;383.0841258
2110;6;2;346.7000684
2111;5;3;340.2590152
2112;6;4;339.8685987
2113;6;5;364.7146945
2114;6;5;364.7146945
2115;1;5;364.7146945
2116;5;3;340.2590152
2117;3;3;340.2590152
2118;4;1;383.0841258
2119;3;1;383.0841258
2120;1;5;364.7146945
2121;2;3;340.2590152
2122;6;3;340.2590152
2123;4;4;339.8685987
2124;5;1;383.0841258
2125;5;2;346.7000684
2126;3;3;340.2590152
2127;4;1;383.0841258
2128;2;3;340.2590152
2129;5;3;340.2590152
2130;6;5;364.7146945
2131;3;1;379.0724916
2132;2;2;383.5122222
2133;1;3;352.0500634
2134;6;4;356.7585384
2135;6;1;379.0724916
2136;3;4;356.7585384
2137;3;4;356.7585384
2138;2;4;356.7585384
2139;4;1;379.0724916
2140;1;2;383.5122222
2141;3;3;352.0500634
2142;2;2;383.5122222
2143;6;2;383.5122222
2144;2;2;383.5122222
2145;5;3;352.0500634
2146;2;5;288.0592307
2147;5;1;379.0724916
2148;5;4;356.7585384
2149;1;2;383.5122222
2150;5;1;379.0724916
2151;3;1;379.0724916
2152;4;3;352.0500634
2153;6;4;356.7585384
2154;2;2;383.5122222
2155;5;3;352.0500634
2156;5;1;379.0724916
2157;5;2;383.5122222
2158;2;4;356.7585384
2159;4;2;383.5122222
2160;1;4;356.7585384
2161;1;4;356.7585384
2162;2;1;379.0724916
2163;3;1;379.0724916
2164;5;2;383.5122222
2165;2;1;379.0724916
2166;5;3;352.0500634
2167;5;4;356.7585384
2168;6;3;352.0500634
2169;5;4;356.7585384
2170;5;5;288.0592307
2171;4;2;383.5122222
2172;2;3;352.0500634
2173;3;3;352.0500634
2174;4;4;356.7585384
2175;4;1;379.0724916
2176;4;3;352.0500634
2177;3;4;356.7585384
2178;6;4;356.7585384
2179;5;2;383.5122222
2180;5;1;379.0724916
2181;2;3;352.0500634
2182;5;3;352.0500634
2183;5;4;356.7585384
2184;6;1;379.0724916
2185;3;2;383.5122222
2186;1;1;379.0724916
2187;6;1;379.0724916
2188;4;2;383.5122222
2189;6;4;356.7585384
2190;3;1;379.0724916
2191;1;1;379.0724916
2192;1;3;352.0500634
2193;4;4;356.7585384
2194;3;5;288.0592307
2195;6;2;383.5122222
2196;3;1;379.0724916
2197;6;4;356.7585384
2198;5;4;356.7585384
2199;1;1;379.0724916
2200;2;1;379.0724916
2201;1;2;383.5122222
2202;5;1;379.0724916
2203;2;2;383.5122222
2204;1;3;352.0500634
2205;2;4;356.7585384
2206;2;1;379.0724916
2207;3;1;379.0724916
2208;2;2;383.5122222
2209;3;2;383.5122222
2210;6;5;288.0592307
2211;5;3;352.0500634
2212;6;4;356.7585384
2213;3;3;352.0500634
2214;4;1;379.0724916
2215;2;2;383.5122222
2216;1;4;356.7585384
2217;2;5;288.0592307
2218;6;3;352.0500634
2219;5;3;352.0500634
2220;4;1;379.0724916
2221;6;2;383.5122222
2222;3;2;383.5122222
2223;4;3;352.0500634
2224;5;3;352.0500634
2225;3;4;356.7585384
2226;4;5;288.0592307
2227;5;2;383.5122222
2228;6;1;379.0724916
2229;4;1;379.0724916
2230;1;1;379.0724916
2231;3;2;383.5122222
2232;3;3;352.0500634
2233;3;4;356.7585384
2234;4;1;379.0724916
2235;5;3;352.0500634
2236;3;1;379.0724916
2237;4;1;379.0724916
2238;1;2;383.5122222
2239;6;4;356.7585384
2240;2;4;356.7585384
2241;5;2;383.5122222
2242;2;2;383.5122222
2243;1;3;352.0500634
2244;5;1;379.0724916
2245;3;2;383.5122222
2246;6;3;352.0500634
2247;6;3;352.0500634
2248;3;4;356.7585384
2249;3;4;356.7585384
2250;6;2;383.5122222
2251;2;1;379.0724916
2252;4;3;352.0500634
2253;1;5;288.0592307
2254;6;1;379.0724916
2255;4;3;352.0500634
2256;2;1;379.0724916
2257;1;3;352.0500634
2258;2;2;383.5122222
2259;5;1;379.0724916
2260;1;1;379.0724916
2261;2;3;352.0500634
2262;3;1;379.0724916
2263;6;1;379.0724916
2264;3;1;379.0724916
2265;5;2;383.5122222
2266;4;2;383.5122222
2267;6;3;352.0500634
2268;1;3;352.0500634
2269;5;4;356.7585384
2270;5;2;383.5122222
2271;3;3;352.0500634
2272;4;3;352.0500634
2273;2;5;288.0592307
2274;2;4;356.7585384
2275;4;1;379.0724916
2276;5;2;383.5122222
2277;2;1;379.0724916
2278;1;1;379.0724916
2279;4;2;383.5122222
2280;5;3;352.0500634
2281;1;4;356.7585384
2282;1;1;379.0724916
2283;1;2;383.5122222
2284;3;4;356.7585384
2285;6;2;383.5122222
2286;3;3;352.0500634
2287;4;1;379.0724916
2288;3;2;383.5122222
2289;3;4;356.7585384
2290;4;4;356.7585384
2291;4;5;288.0592307
2292;6;1;379.0724916
2293;6;1;379.0724916
2294;3;2;383.5122222
2295;2;2;383.5122222
2296;5;2;383.5122222
2297;4;3;352.0500634
2298;4;1;379.0724916
2299;2;4;356.7585384
2300;6;4;356.7585384
2301;5;3;352.0500634
2302;4;1;379.0724916
2303;6;1;379.0724916
2304;4;1;379.0724916
2305;5;2;383.5122222
2306;5;2;383.5122222
2307;6;3;352.0500634
2308;2;4;356.7585384
2309;6;5;288.0592307
2310;6;5;288.0592307
2311;6;1;379.0724916
2312;2;2;383.5122222
2313;2;4;356.7585384
2314;6;1;379.0724916
2315;2;1;379.0724916
2316;5;2;383.5122222
2317;5;3;352.0500634
2318;3;3;352.0500634
2319;2;4;356.7585384
2320;2;1;379.0724916
2321;1;1;379.0724916
2322;2;2;383.5122222
2323;5;3;352.0500634
2324;6;3;352.0500634
2325;4;4;356.7585384
2326;1;4;356.7585384
2327;3;1;379.0724916
2328;2;4;356.7585384
2329;3;1;379.0724916
2330;1;2;383.5122222
2331;3;3;352.0500634
2332;5;4;356.7585384
2333;6;1;379.0724916
2334;5;1;379.0724916
2335;5;2;383.5122222
2336;4;3;352.0500634
2337;5;4;356.7585384
2338;1;5;288.0592307
2339;4;1;379.0724916
2340;3;2;383.5122222
2341;6;3;352.0500634
2342;4;5;288.0592307
2343;3;1;379.0724916
2344;4;2;383.5122222
2345;1;4;356.7585384
2346;1;1;379.0724916
2347;5;2;383.5122222
2348;5;3;352.0500634
2349;6;4;356.7585384
2350;3;4;356.7585384
2351;4;4;356.7585384
2352;6;1;379.0724916
2353;5;5;288.0592307
2354;3;4;356.7585384
2355;3;4;356.7585384
2356;5;1;379.0724916
2357;6;2;383.5122222
2358;5;3;352.0500634
2359;3;4;356.7585384
2360;1;5;288.0592307
2361;1;2;383.5122222
2362;4;1;379.0724916
2363;3;3;352.0500634
2364;3;4;356.7585384
2365;6;1;379.0724916
2366;4;1;379.0724916
2367;6;5;288.0592307
2368;2;2;383.5122222
2369;5;1;379.0724916
2370;5;2;383.5122222
2371;5;3;352.0500634
2372;5;3;352.0500634
2373;3;1;379.0724916
2374;4;1;379.0724916
2375;6;2;383.5122222
2376;2;2;383.5122222
2377;6;3;352.0500634
2378;4;3;352.0500634
2379;2;3;352.0500634
2380;5;4;356.7585384
2381;6;4;356.7585384
2382;5;4;356.7585384
2383;4;1;379.0724916
2384;4;1;379.0724916
2385;4;1;379.0724916
2386;2;2;383.5122222
2387;1;1;379.0724916
2388;6;3;352.0500634
2389;3;1;379.0724916
2390;2;2;383.5122222
2391;5;3;352.0500634
2392;6;2;383.5122222
2393;6;3;352.0500634
2394;6;1;379.0724916
2395;3;1;379.0724916
2396;6;3;352.0500634
2397;6;2;383.5122222
2398;4;1;379.0724916
2399;6;1;379.0724916
2400;2;2;383.5122222
2401;6;2;383.5122222
2402;3;3;352.0500634
2403;6;3;352.0500634
2404;5;2;383.5122222
2405;2;3;352.0500634
2406;6;3;352.0500634
2407;3;4;356.7585384
2408;5;4;356.7585384
2409;4;4;356.7585384
2410;4;1;379.0724916
2411;3;2;383.5122222
2412;3;1;379.0724916
2413;4;1;379.0724916
2414;2;2;383.5122222
2415;4;3;352.0500634
2416;6;4;356.7585384
2417;3;1;379.0724916
2418;1;1;379.0724916
2419;4;3;352.0500634
2420;6;2;383.5122222
2421;6;3;352.0500634
2422;1;1;379.0724916
2423;1;2;383.5122222
2424;6;5;288.0592307
2425;1;4;356.7585384
2426;1;5;288.0592307
2427;4;1;379.0724916
2428;4;1;379.0724916
2429;5;2;383.5122222
2430;6;3;352.0500634
2431;4;3;352.0500634
2432;1;4;356.7585384
2433;6;5;288.0592307
2434;1;1;379.0724916
2435;6;2;383.5122222
2436;5;2;383.5122222
2437;4;4;356.7585384
2438;6;1;379.0724916
2439;4;3;352.0500634
2440;3;4;356.7585384
2441;3;4;356.7585384
2442;5;3;352.0500634
2443;1;2;383.5122222
2444;3;2;383.5122222
2445;1;3;352.0500634
2446;4;4;356.7585384
2447;1;4;356.7585384
2448;3;1;379.0724916
2449;5;4;356.7585384
2450;1;1;379.0724916
2451;4;1;379.0724916
2452;5;2;383.5122222
2453;3;3;352.0500634
2454;6;4;356.7585384
2455;2;1;379.0724916
2456;5;4;356.7585384
2457;1;1;379.0724916
2458;5;2;383.5122222
2459;3;4;356.7585384
2460;5;3;352.0500634
2461;3;3;352.0500634
2462;5;1;379.0724916
2463;6;2;383.5122222
2464;2;3;352.0500634
2465;1;4;356.7585384
2466;3;2;383.5122222
2467;1;2;383.5122222
2468;4;3;352.0500634
2469;6;4;356.7585384
2470;5;5;288.0592307
2471;4;1;379.0724916
2472;4;1;379.0724916
2473;4;1;379.0724916
2474;4;2;383.5122222
2475;3;2;383.5122222
2476;2;3;352.0500634
2477;3;3;352.0500634
2478;5;4;356.7585384
2479;3;1;379.0724916
2480;3;2;383.5122222
2481;3;4;356.7585384
2482;5;1;379.0724916
2483;1;2;383.5122222
2484;6;1;379.0724916
2485;4;2;383.5122222
2486;4;4;356.7585384
2487;5;5;288.0592307
2488;5;1;379.0724916
2489;1;4;356.7585384
2490;5;2;383.5122222
2491;2;4;356.7585384
2492;1;1;379.0724916
2493;4;2;383.5122222
2494;1;1;379.0724916
2495;5;3;352.0500634
2496;4;3;352.0500634
2497;3;4;356.7585384
2498;5;2;383.5122222
2499;6;2;383.5122222
2500;1;1;379.0724916
2501;3;1;379.0724916
2502;5;4;356.7585384
2503;3;5;288.0592307
2504;1;4;356.7585384
2505;1;5;288.0592307
2506;1;2;383.5122222
2507;5;3;352.0500634
2508;4;1;379.0724916
2509;5;2;383.5122222
2510;5;4;356.7585384
2511;1;5;288.0592307
2512;5;2;383.5122222
2513;1;2;383.5122222
2514;1;3;352.0500634
2515;6;4;356.7585384
2516;2;1;379.0724916
2517;3;2;383.5122222
2518;5;4;356.7585384
2519;4;1;379.0724916
2520;3;5;288.0592307
2521;6;4;356.7585384
2522;6;1;379.0724916
2523;3;2;383.5122222
2524;2;4;356.7585384
2525;3;1;379.0724916
2526;3;2;383.5122222
2527;5;3;352.0500634
2528;6;5;288.0592307
2529;4;1;379.0724916
2530;2;1;379.0724916
2531;4;1;379.0724916
2532;4;2;383.5122222
2533;1;2;383.5122222
2534;1;2;383.5122222
2535;3;3;352.0500634
2536;5;3;352.0500634
2537;5;3;352.0500634
2538;1;1;379.0724916
2539;6;1;379.0724916
2540;2;2;383.5122222
2541;5;2;383.5122222
2542;1;3;352.0500634
2543;2;3;352.0500634
2544;3;4;356.7585384
2545;5;4;356.7585384
2546;6;4;356.7585384
2547;5;4;356.7585384
2548;5;1;379.0724916
2549;3;2;383.5122222
2550;1;1;379.0724916
2551;2;1;379.0724916
2552;1;2;383.5122222
2553;5;3;352.0500634
2554;4;3;352.0500634
2555;1;4;356.7585384
2556;4;4;356.7585384
2557;3;5;288.0592307
2558;2;1;379.0724916
2559;5;2;383.5122222
2560;2;3;352.0500634
2561;4;3;352.0500634
2562;5;4;356.7585384
2563;5;1;379.0724916
2564;3;2;383.5122222
2565;6;2;383.5122222
2566;4;3;352.0500634
2567;2;4;356.7585384
2568;3;3;352.0500634
2569;1;4;356.7585384
2570;2;1;379.0724916
2571;1;2;383.5122222
2572;4;2;383.5122222
2573;2;5;288.0592307
2574;2;1;379.0724916
2575;2;2;383.5122222
2576;5;1;379.0724916
2577;4;3;352.0500634
2578;6;4;356.7585384
2579;4;2;383.5122222
2580;4;3;352.0500634
2581;2;4;356.7585384
2582;2;2;383.5122222
2583;6;3;352.0500634
2584;4;4;356.7585384
2585;2;1;379.0724916
2586;5;2;383.5122222
2587;4;3;352.0500634
2588;2;1;379.0724916
2589;4;1;379.0724916
2590;4;2;383.5122222
2591;3;2;383.5122222
2592;2;1;379.0724916
2593;3;2;383.5122222
2594;3;3;352.0500634
2595;6;4;356.7585384
2596;5;5;288.0592307
2597;4;3;352.0500634
2598;1;1;379.0724916
2599;6;2;383.5122222
2600;3;3;352.0500634
2601;2;5;288.0592307
2602;4;4;356.7585384
2603;3;1;379.0724916
2604;6;1;379.0724916
2605;6;2;383.5122222
2606;4;3;352.0500634
2607;6;1;379.0724916
2608;4;2;383.5122222
2609;4;2;383.5122222
2610;6;3;352.0500634
2611;5;4;356.7585384
2612;2;4;356.7585384
2613;5;4;356.7585384
2614;4;4;356.7585384
2615;2;4;356.7585384
2616;2;4;356.7585384
2617;4;4;356.7585384
2618;4;1;379.0724916
2619;6;1;379.0724916
2620;6;2;383.5122222
2621;4;2;383.5122222
2622;4;3;352.0500634
2623;6;3;352.0500634
2624;6;5;288.0592307
2625;2;5;288.0592307
2626;5;5;288.0592307
2627;2;2;383.5122222
2628;5;3;352.0500634
2629;1;4;356.7585384
2630;2;1;379.0724916
2631;5;2;383.5122222
2632;3;3;352.0500634
2633;5;5;288.0592307
2634;4;2;383.5122222
2635;2;2;383.5122222
2636;1;3;352.0500634
2637;6;1;379.0724916
2638;2;3;352.0500634
2639;6;3;352.0500634
2640;3;4;356.7585384
2641;1;2;334.3032222
2642;2;3;356.4039918
2643;2;1;369.2993357
2644;6;4;327.6444278
2645;6;3;356.4039918
2646;5;3;356.4039918
2647;5;5;348.5042866
2648;4;2;334.3032222
2649;3;4;327.6444278
2650;5;1;369.2993357
2651;3;2;334.3032222
2652;4;1;369.2993357
2653;3;2;334.3032222
2654;5;3;356.4039918
2655;5;5;348.5042866
2656;5;1;369.2993357
2657;5;2;334.3032222
2658;6;2;334.3032222
2659;6;4;327.6444278
2660;4;2;334.3032222
2661;5;4;327.6444278
2662;4;5;348.5042866
2663;2;2;334.3032222
2664;6;4;327.6444278
2665;3;5;348.5042866
2666;2;2;334.3032222
2667;4;2;334.3032222
2668;2;3;356.4039918
2669;2;3;356.4039918
2670;2;3;356.4039918
2671;6;4;327.6444278
2672;5;5;348.5042866
2673;6;3;356.4039918
2674;2;2;334.3032222
2675;2;4;327.6444278
2676;2;2;334.3032222
2677;3;2;334.3032222
2678;6;4;327.6444278
2679;2;1;369.2993357
2680;3;4;327.6444278
2681;6;1;369.2993357
2682;2;2;334.3032222
2683;5;2;334.3032222
2684;3;5;348.5042866
2685;4;1;369.2993357
2686;4;2;334.3032222
2687;6;4;327.6444278
2688;1;4;327.6444278
2689;2;2;334.3032222
2690;1;3;356.4039918
2691;4;5;348.5042866
2692;2;1;369.2993357
2693;4;2;334.3032222
2694;4;4;327.6444278
2695;1;4;327.6444278
2696;3;2;334.3032222
2697;2;1;369.2993357
2698;2;4;327.6444278
2699;1;4;327.6444278
2700;3;5;348.5042866
2701;1;4;327.6444278
2702;2;1;369.2993357
2703;3;4;327.6444278
2704;1;1;369.2993357
2705;5;4;327.6444278
2706;3;2;334.3032222
2707;5;4;327.6444278
2708;2;3;356.4039918
2709;5;3;356.4039918
2710;3;5;348.5042866
2711;6;4;327.6444278
2712;1;2;334.3032222
2713;3;4;327.6444278
2714;4;3;356.4039918
2715;1;5;348.5042866
2716;6;1;369.2993357
2717;4;3;356.4039918
2718;5;4;327.6444278
2719;2;5;348.5042866
2720;1;2;334.3032222
2721;5;3;356.4039918
2722;5;5;348.5042866
2723;4;3;356.4039918
2724;4;4;327.6444278
2725;5;2;334.3032222
2726;6;2;334.3032222
2727;2;4;327.6444278
2728;6;2;334.3032222
2729;4;5;348.5042866
2730;5;1;369.2993357
2731;3;1;369.2993357
2732;1;2;334.3032222
2733;5;5;348.5042866
2734;2;1;369.2993357
2735;4;2;334.3032222
2736;2;3;356.4039918
2737;4;2;334.3032222
2738;6;3;356.4039918
2739;2;2;334.3032222
2740;5;4;327.6444278
2741;5;1;369.2993357
2742;4;5;348.5042866
2743;1;4;327.6444278
2744;4;1;369.2993357
2745;6;2;334.3032222
2746;2;4;327.6444278
2747;6;4;327.6444278
2748;4;1;369.2993357
2749;2;2;334.3032222
2750;4;4;327.6444278
2751;2;2;334.3032222
2752;5;1;369.2993357
2753;4;4;327.6444278
2754;1;4;327.6444278
2755;3;1;369.2993357
2756;5;2;334.3032222
2757;1;3;356.4039918
2758;4;4;327.6444278
2759;2;5;348.5042866
2760;2;4;327.6444278
2761;3;1;369.2993357
2762;4;5;348.5042866
2763;4;2;334.3032222
2764;3;1;369.2993357
2765;3;2;334.3032222
2766;2;3;356.4039918
2767;4;4;327.6444278
2768;6;3;356.4039918
2769;5;1;369.2993357
2770;1;1;369.2993357
2771;3;2;334.3032222
2772;3;3;356.4039918
2773;5;4;327.6444278
2774;4;5;348.5042866
2775;2;1;369.2993357
2776;6;2;334.3032222
2777;5;1;369.2993357
2778;2;2;334.3032222
2779;3;3;356.4039918
2780;6;4;327.6444278
2781;6;5;348.5042866
2782;2;5;348.5042866
2783;2;1;369.2993357
2784;3;4;327.6444278
2785;1;1;369.2993357
2786;2;2;334.3032222
2787;4;3;356.4039918
2788;2;4;327.6444278
2789;2;1;369.2993357
2790;5;1;369.2993357
2791;1;2;334.3032222
2792;1;3;356.4039918
2793;6;4;327.6444278
2794;4;4;327.6444278
2795;1;5;348.5042866
2796;2;1;369.2993357
2797;3;2;334.3032222
2798;2;3;356.4039918
2799;3;1;369.2993357
2800;2;2;334.3032222
2801;6;2;334.3032222
2802;4;3;356.4039918
2803;3;4;327.6444278
2804;5;1;369.2993357
2805;2;4;327.6444278
2806;5;1;369.2993357
2807;2;4;327.6444278
2808;6;4;327.6444278
2809;1;5;348.5042866
2810;3;4;327.6444278
2811;3;1;369.2993357
2812;6;4;327.6444278
2813;4;1;369.2993357
2814;4;2;334.3032222
2815;3;2;334.3032222
2816;6;4;327.6444278
2817;6;1;369.2993357
2818;2;4;327.6444278
2819;1;1;369.2993357
2820;5;2;334.3032222
2821;6;2;334.3032222
2822;2;4;327.6444278
2823;5;4;327.6444278
2824;2;3;356.4039918
2825;1;1;369.2993357
2826;1;1;369.2993357
2827;6;2;334.3032222
2828;5;4;327.6444278
2829;5;4;327.6444278
2830;3;2;334.3032222
2831;2;1;369.2993357
2832;2;2;334.3032222
2833;4;5;348.5042866
2834;3;1;369.2993357
2835;2;4;327.6444278
2836;3;5;348.5042866
2837;5;3;356.4039918
2838;1;3;356.4039918
2839;6;1;369.2993357
2840;5;2;334.3032222
2841;2;3;356.4039918
2842;4;4;327.6444278
2843;6;3;356.4039918
2844;6;5;348.5042866
2845;1;2;334.3032222
2846;2;2;334.3032222
2847;6;1;369.2993357
2848;1;1;369.2993357
2849;5;3;356.4039918
2850;1;2;334.3032222
2851;3;1;369.2993357
2852;3;4;327.6444278
2853;3;4;327.6444278
2854;1;3;356.4039918
2855;6;2;334.3032222
2856;2;1;369.2993357
2857;2;4;327.6444278
2858;4;5;348.5042866
2859;6;2;334.3032222
2860;5;4;327.6444278
2861;3;1;369.2993357
2862;3;4;327.6444278
2863;4;4;327.6444278
2864;3;5;348.5042866
2865;2;4;327.6444278
2866;4;5;348.5042866
2867;5;2;334.3032222
2868;3;3;356.4039918
2869;6;2;334.3032222
2870;4;1;369.2993357
2871;6;1;369.2993357
2872;4;4;327.6444278
2873;6;4;327.6444278
2874;6;2;334.3032222
2875;1;3;356.4039918
2876;5;3;356.4039918
2877;5;5;348.5042866
2878;2;3;356.4039918
2879;4;4;327.6444278
2880;4;3;356.4039918
2881;6;1;369.2993357
2882;2;2;334.3032222
2883;4;5;348.5042866
2884;4;5;348.5042866
2885;1;2;334.3032222
2886;3;4;327.6444278
2887;2;1;369.2993357
2888;1;2;334.3032222
2889;1;4;327.6444278
2890;4;1;369.2993357
2891;4;2;334.3032222
2892;1;5;348.5042866
2893;4;1;369.2993357
2894;2;4;327.6444278
2895;1;5;348.5042866
2896;6;4;327.6444278
2897;2;2;334.3032222
2898;1;1;369.2993357
2899;3;2;334.3032222
2900;3;2;334.3032222
2901;2;4;327.6444278
2902;3;4;327.6444278
2903;3;3;356.4039918
2904;3;3;356.4039918
2905;4;4;327.6444278
2906;3;2;334.3032222
2907;4;2;334.3032222
2908;5;4;327.6444278
2909;2;4;327.6444278
2910;6;4;327.6444278
2911;2;2;334.3032222
2912;2;4;327.6444278
2913;4;1;369.2993357
2914;6;1;369.2993357
2915;4;1;369.2993357
2916;3;1;369.2993357
2917;5;3;356.4039918
2918;5;5;348.5042866
2919;4;1;369.2993357
2920;3;4;327.6444278
2921;2;2;334.3032222
2922;6;4;327.6444278
2923;5;4;327.6444278
2924;1;4;327.6444278
2925;3;4;327.6444278
2926;5;3;356.4039918
2927;3;4;327.6444278
2928;5;1;369.2993357
2929;2;1;369.2993357
2930;6;2;334.3032222
2931;2;1;369.2993357
2932;3;2;334.3032222
2933;3;3;356.4039918
2934;1;5;348.5042866
2935;5;1;369.2993357
2936;5;4;327.6444278
2937;6;2;334.3032222
2938;5;4;327.6444278
2939;1;1;369.2993357
2940;2;2;334.3032222
2941;1;1;369.2993357
2942;5;4;327.6444278
2943;6;2;334.3032222
2944;1;1;369.2993357
2945;3;4;327.6444278
2946;6;5;348.5042866
2947;1;4;327.6444278
2948;5;2;334.3032222
2949;2;1;369.2993357
2950;6;1;369.2993357
2951;4;3;356.4039918
2952;3;4;327.6444278
2953;5;2;334.3032222
2954;5;4;327.6444278
2955;5;2;334.3032222
2956;5;3;356.4039918
2957;2;4;327.6444278
2958;1;2;334.3032222
2959;3;5;348.5042866
2960;6;1;369.2993357
2961;2;2;334.3032222
2962;5;1;369.2993357
2963;5;2;334.3032222
2964;2;3;356.4039918
2965;2;4;327.6444278
2966;2;5;348.5042866
2967;5;1;369.2993357
2968;5;2;334.3032222
2969;2;3;356.4039918
2970;3;4;327.6444278
2971;2;2;334.3032222
2972;5;4;327.6444278
2973;1;3;356.4039918
2974;5;5;348.5042866
2975;5;3;356.4039918
2976;4;3;356.4039918
2977;6;4;327.6444278
2978;1;2;334.3032222
2979;2;4;327.6444278
2980;3;3;356.4039918
2981;4;4;327.6444278
2982;6;4;327.6444278
2983;3;2;334.3032222
2984;5;1;369.2993357
2985;5;4;327.6444278
2986;2;1;369.2993357
2987;3;2;334.3032222
2988;2;3;356.4039918
2989;4;4;327.6444278
2990;2;2;334.3032222
2991;2;3;356.4039918
2992;3;1;369.2993357
2993;2;2;334.3032222
2994;3;3;356.4039918
2995;1;3;356.4039918
2996;6;4;327.6444278
2997;2;4;327.6444278
2998;5;1;369.2993357
2999;4;4;327.6444278
3000;2;3;356.4039918
3001;5;3;356.4039918
3002;6;4;327.6444278
3003;2;2;334.3032222
3004;5;2;334.3032222
3005;5;3;356.4039918
3006;6;1;369.2993357
3007;3;1;369.2993357
3008;3;2;334.3032222
3009;3;3;356.4039918
3010;6;3;356.4039918
3011;3;4;327.6444278
3012;3;4;327.6444278
3013;3;5;348.5042866
3014;4;5;348.5042866
3015;1;2;334.3032222
3016;5;1;369.2993357
3017;1;1;369.2993357
3018;5;4;327.6444278
3019;2;3;356.4039918
3020;6;4;327.6444278
3021;3;1;369.2993357
3022;6;4;327.6444278
3023;6;2;334.3032222
3024;6;5;348.5042866
3025;3;2;334.3032222
3026;1;3;356.4039918
3027;2;4;327.6444278
3028;4;4;327.6444278
3029;5;4;327.6444278
3030;4;4;327.6444278
3031;5;2;334.3032222
3032;2;1;369.2993357
3033;6;2;334.3032222
3034;5;4;327.6444278
3035;2;2;334.3032222
3036;4;4;327.6444278
3037;3;2;334.3032222
3038;1;2;334.3032222
3039;4;1;369.2993357
3040;3;2;334.3032222
3041;1;4;327.6444278
3042;3;1;369.2993357
3043;3;2;334.3032222
3044;2;4;327.6444278
3045;5;4;327.6444278
3046;3;4;327.6444278
3047;4;2;334.3032222
3048;4;2;334.3032222
3049;2;3;356.4039918
3050;1;4;327.6444278
3051;1;3;356.4039918
3052;5;1;369.2993357
3053;4;3;356.4039918
3054;3;4;327.6444278
3055;3;1;369.2993357
3056;2;5;348.5042866
3057;4;5;348.5042866
3058;6;3;356.4039918
3059;6;2;334.3032222
3060;5;1;369.2993357
3061;4;3;356.4039918
3062;5;1;369.2993357
3063;2;3;356.4039918
3064;1;4;327.6444278
3065;1;1;369.2993357
3066;4;2;334.3032222
3067;3;1;369.2993357
3068;6;2;334.3032222
3069;3;4;327.6444278
3070;4;5;348.5042866
3071;6;2;334.3032222
3072;3;4;327.6444278
3073;5;4;327.6444278
3074;5;4;327.6444278
3075;3;4;327.6444278
3076;3;2;334.3032222
3077;6;1;369.2993357
3078;5;1;369.2993357
3079;4;1;369.2993357
3080;1;1;369.2993357
3081;1;3;356.4039918
3082;5;5;348.5042866
3083;5;3;356.4039918
3084;1;4;327.6444278
3085;3;5;348.5042866
3086;3;3;356.4039918
3087;1;1;369.2993357
3088;6;3;356.4039918
3089;2;5;348.5042866
3090;1;4;327.6444278
3091;4;1;369.2993357
3092;5;3;356.4039918
3093;5;3;356.4039918
3094;3;2;334.3032222
3095;6;3;356.4039918
3096;3;1;369.2993357
3097;3;2;334.3032222
3098;2;4;327.6444278
3099;2;2;334.3032222
3100;2;3;356.4039918
3101;2;5;348.5042866
3102;4;5;348.5042866
3103;4;1;369.2993357
3104;3;3;356.4039918
3105;2;3;356.4039918
3106;1;4;327.6444278
3107;2;5;348.5042866
3108;1;2;334.3032222
3109;2;1;369.2993357
3110;2;3;356.4039918
3111;2;5;348.5042866
3112;5;2;334.3032222
3113;2;2;334.3032222
3114;1;2;334.3032222
3115;4;3;356.4039918
3116;6;3;356.4039918
3117;4;4;327.6444278
3118;4;1;369.2993357
3119;4;1;369.2993357
3120;5;1;369.2993357
3121;5;2;334.3032222
3122;3;2;334.3032222
3123;6;3;356.4039918
3124;4;3;356.4039918
3125;1;4;327.6444278
3126;2;5;348.5042866
3127;1;1;369.2993357
3128;4;2;334.3032222
3129;3;3;356.4039918
3130;2;4;327.6444278
3131;4;4;327.6444278
3132;2;4;327.6444278
3133;2;1;369.2993357
3134;2;1;369.2993357
3135;6;2;334.3032222
3136;5;3;356.4039918
3137;2;3;356.4039918
3138;3;4;327.6444278
3139;2;4;327.6444278
3140;3;4;327.6444278
3141;5;2;334.3032222
3142;2;5;348.5042866
3143;1;5;348.5042866
3144;2;2;334.3032222
3145;6;3;360.3307095
3146;6;4;369.9241363
3147;1;2;386.9712
3148;4;5;317.0452195
3149;4;4;369.9241363
3150;2;1;457.517035
3151;6;2;386.9712
3152;1;2;386.9712
3153;6;3;360.3307095
3154;2;4;369.9241363
3155;6;5;317.0452195
3156;3;3;360.3307095
3157;5;1;457.517035
3158;6;4;369.9241363
3159;4;5;317.0452195
3160;4;3;360.3307095
3161;5;4;369.9241363
3162;3;2;386.9712
3163;6;3;360.3307095
3164;5;4;369.9241363
3165;3;4;369.9241363
3166;5;4;369.9241363
3167;4;2;386.9712
3168;4;3;360.3307095
3169;2;1;457.517035
3170;2;3;360.3307095
3171;5;2;386.9712
3172;2;3;360.3307095
3173;6;4;369.9241363
3174;3;5;317.0452195
3175;6;2;386.9712
3176;4;4;369.9241363
3177;6;2;386.9712
3178;1;2;386.9712
3179;2;4;369.9241363
3180;6;2;386.9712
3181;6;4;369.9241363
3182;6;1;457.517035
3183;6;1;457.517035
3184;5;2;386.9712
3185;4;4;369.9241363
3186;3;2;386.9712
3187;2;4;369.9241363
3188;4;2;386.9712
3189;5;3;360.3307095
3190;6;5;317.0452195
3191;6;2;386.9712
3192;3;2;386.9712
3193;3;3;360.3307095
3194;3;2;386.9712
3195;1;5;317.0452195
3196;6;4;369.9241363
3197;6;1;457.517035
3198;1;2;386.9712
3199;3;3;360.3307095
3200;3;1;457.517035
3201;3;1;457.517035
3202;6;1;457.517035
3203;3;1;457.517035
3204;5;5;317.0452195
3205;6;1;457.517035
3206;1;5;317.0452195
3207;6;1;457.517035
3208;6;1;457.517035
3209;1;5;317.0452195
3210;6;1;457.517035
3211;4;1;457.517035
3212;4;1;457.517035
3213;2;2;386.9712
3214;4;3;360.3307095
3215;3;3;360.3307095
3216;5;3;360.3307095
3217;3;4;369.9241363
3218;1;4;369.9241363
3219;3;4;369.9241363
3220;4;4;369.9241363
3221;2;5;317.0452195
3222;5;5;317.0452195
3223;5;2;386.9712
3224;3;1;457.517035
3225;3;2;386.9712
3226;1;2;386.9712
3227;3;3;360.3307095
3228;4;4;369.9241363
3229;3;2;386.9712
3230;6;2;386.9712
3231;1;1;457.517035
3232;6;4;369.9241363
3233;6;2;386.9712
3234;2;3;360.3307095
3235;1;4;369.9241363
3236;6;4;369.9241363
3237;5;1;457.517035
3238;1;4;369.9241363
3239;4;2;386.9712
3240;4;4;369.9241363
3241;6;4;369.9241363
3242;2;2;386.9712
3243;4;2;386.9712
3244;2;3;360.3307095
3245;2;3;360.3307095
3246;3;4;369.9241363
3247;2;3;360.3307095
3248;5;4;369.9241363
3249;4;4;369.9241363
3250;6;2;386.9712
3251;4;5;317.0452195
3252;4;1;457.517035
3253;2;5;317.0452195
3254;5;5;317.0452195
3255;6;3;360.3307095
3256;6;3;360.3307095
3257;3;4;369.9241363
3258;5;4;369.9241363
3259;4;5;317.0452195
3260;1;1;457.517035
3261;5;1;457.517035
3262;6;3;360.3307095
3263;6;3;360.3307095
3264;5;2;386.9712
3265;4;3;360.3307095
3266;4;2;386.9712
3267;4;3;360.3307095
3268;1;5;317.0452195
3269;4;2;386.9712
3270;3;3;360.3307095
3271;2;4;369.9241363
3272;3;1;457.517035
3273;4;3;360.3307095
3274;3;4;369.9241363
3275;5;2;386.9712
3276;3;4;369.9241363
3277;5;3;360.3307095
3278;1;4;369.9241363
3279;6;5;317.0452195
3280;6;4;369.9241363
3281;4;5;317.0452195
3282;4;1;457.517035
3283;1;1;457.517035
3284;2;2;386.9712
3285;6;3;360.3307095
3286;5;1;457.517035
3287;4;2;386.9712
3288;5;3;360.3307095
3289;3;4;369.9241363
3290;4;4;369.9241363
3291;2;3;360.3307095
3292;3;3;360.3307095
3293;4;4;369.9241363
3294;6;1;457.517035
3295;3;2;386.9712
3296;6;4;369.9241363
3297;4;2;386.9712
3298;3;2;386.9712
3299;1;4;369.9241363
3300;5;4;369.9241363
3301;6;1;457.517035
3302;6;5;317.0452195
3303;1;4;369.9241363
3304;5;2;386.9712
3305;5;2;386.9712
3306;5;5;317.0452195
3307;1;4;369.9241363
3308;4;2;386.9712
3309;4;3;360.3307095
3310;6;2;386.9712
3311;3;5;317.0452195
3312;3;3;360.3307095
3313;1;2;386.9712
3314;5;3;360.3307095
3315;4;2;386.9712
3316;4;4;369.9241363
3317;5;1;457.517035
3318;6;2;386.9712
3319;4;3;360.3307095
3320;6;4;369.9241363
3321;6;2;386.9712
3322;5;2;386.9712
3323;4;3;360.3307095
3324;2;4;369.9241363
3325;4;4;369.9241363
3326;3;2;386.9712
3327;5;1;457.517035
3328;1;1;457.517035
3329;6;3;360.3307095
3330;3;4;369.9241363
3331;6;3;360.3307095
3332;2;5;317.0452195
3333;5;5;317.0452195
3334;3;4;369.9241363
3335;6;4;369.9241363
3336;6;3;360.3307095
3337;6;2;386.9712
3338;4;1;457.517035
3339;5;4;369.9241363
3340;4;1;457.517035
3341;6;2;386.9712
3342;2;3;360.3307095
3343;3;3;360.3307095
3344;3;1;457.517035
3345;3;2;386.9712
3346;6;3;360.3307095
3347;4;1;457.517035
3348;2;2;386.9712
3349;6;3;360.3307095
3350;2;3;360.3307095
3351;4;3;360.3307095
3352;4;4;369.9241363
3353;2;4;369.9241363
3354;4;4;369.9241363
3355;6;4;369.9241363
3356;1;5;317.0452195
3357;6;1;457.517035
3358;2;3;360.3307095
3359;6;4;369.9241363
3360;1;2;386.9712
3361;1;5;317.0452195
3362;3;4;369.9241363
3363;3;3;360.3307095
3364;2;1;457.517035
3365;3;5;317.0452195
3366;2;3;360.3307095
3367;5;5;317.0452195
3368;5;4;369.9241363
3369;4;2;386.9712
3370;2;4;369.9241363
3371;3;4;369.9241363
3372;1;2;386.9712
3373;2;3;360.3307095
3374;1;4;369.9241363
3375;6;4;369.9241363
3376;4;1;457.517035
3377;3;4;369.9241363
3378;1;4;369.9241363
3379;4;2;386.9712
3380;3;4;369.9241363
3381;5;2;386.9712
3382;5;3;360.3307095
3383;1;5;317.0452195
3384;6;3;360.3307095
3385;5;2;386.9712
3386;3;3;360.3307095
3387;3;4;369.9241363
3388;3;1;457.517035
3389;5;5;317.0452195
3390;4;1;457.517035
3391;6;1;457.517035
3392;4;2;386.9712
3393;6;3;360.3307095
3394;3;4;369.9241363
3395;3;5;317.0452195
3396;2;3;360.3307095
3397;4;5;317.0452195
3398;3;2;386.9712
3399;6;2;386.9712
3400;5;2;386.9712
3401;2;3;360.3307095
3402;1;4;369.9241363
3403;6;4;369.9241363
3404;5;1;457.517035
3405;3;4;369.9241363
3406;6;4;369.9241363
3407;3;2;386.9712
3408;1;3;360.3307095
3409;3;5;317.0452195
3410;6;1;457.517035
3411;1;2;386.9712
3412;5;3;360.3307095
3413;6;3;360.3307095
3414;6;2;386.9712
3415;2;1;457.517035
3416;1;5;317.0452195
3417;4;4;369.9241363
3418;5;1;457.517035
3419;4;1;457.517035
3420;5;1;457.517035
3421;3;2;386.9712
3422;6;3;360.3307095
3423;4;4;369.9241363
3424;2;4;369.9241363
3425;1;5;317.0452195
3426;5;1;457.517035
3427;3;3;360.3307095
3428;2;5;317.0452195
3429;4;3;360.3307095
3430;3;4;369.9241363
3431;5;5;317.0452195
3432;4;1;457.517035
3433;6;2;386.9712
3434;5;2;386.9712
3435;5;3;360.3307095
3436;5;4;369.9241363
3437;4;5;317.0452195
3438;3;2;386.9712
3439;1;3;360.3307095
3440;1;3;360.3307095
3441;4;4;369.9241363
3442;6;2;386.9712
3443;4;1;457.517035
3444;2;4;369.9241363
3445;2;1;457.517035
3446;4;1;457.517035
3447;2;2;386.9712
3448;3;2;386.9712
3449;4;2;386.9712
3450;3;3;360.3307095
3451;1;3;360.3307095
3452;3;3;360.3307095
3453;5;4;369.9241363
3454;4;4;369.9241363
3455;5;5;317.0452195
3456;1;1;457.517035
3457;3;1;457.517035
3458;4;1;457.517035
3459;1;2;386.9712
3460;1;3;360.3307095
3461;3;4;369.9241363
3462;6;4;369.9241363
3463;3;4;369.9241363
3464;6;2;386.9712
3465;5;3;360.3307095
3466;2;2;386.9712
3467;1;2;386.9712
3468;6;3;360.3307095
3469;3;3;360.3307095
3470;3;4;369.9241363
3471;4;5;317.0452195
3472;3;1;457.517035
3473;1;1;457.517035
3474;4;2;386.9712
3475;6;2;386.9712
3476;2;3;360.3307095
3477;2;4;369.9241363
3478;4;5;317.0452195
3479;5;5;317.0452195
3480;4;1;457.517035
3481;2;4;369.9241363
3482;5;1;457.517035
3483;6;2;386.9712
3484;6;4;369.9241363
3485;6;1;457.517035
3486;5;2;386.9712
3487;3;1;457.517035
3488;5;1;457.517035
3489;2;3;360.3307095
3490;6;5;317.0452195
3491;3;4;369.9241363
3492;6;2;386.9712
3493;1;4;369.9241363
3494;6;2;386.9712
3495;6;3;360.3307095
3496;3;1;457.517035
3497;6;1;457.517035
3498;3;2;386.9712
3499;4;3;360.3307095
3500;4;4;369.9241363
3501;6;4;369.9241363
3502;3;5;317.0452195
3503;4;1;457.517035
3504;4;2;386.9712
3505;3;4;369.9241363
3506;6;3;360.3307095
3507;2;5;317.0452195
3508;5;5;317.0452195
3509;5;3;360.3307095
3510;6;1;457.517035
3511;2;1;457.517035
3512;2;3;360.3307095
3513;4;3;360.3307095
3514;1;5;317.0452195
3515;5;2;386.9712
3516;2;1;457.517035
3517;6;1;457.517035
3518;1;4;369.9241363
3519;5;5;317.0452195
3520;3;3;360.3307095
3521;4;4;369.9241363
3522;1;3;360.3307095
3523;5;5;317.0452195
3524;1;2;386.9712
3525;2;5;317.0452195
3526;2;4;369.9241363
3527;4;2;386.9712
3528;3;1;457.517035
3529;2;3;360.3307095
3530;3;2;386.9712
3531;6;3;360.3307095
3532;6;3;360.3307095
3533;4;4;369.9241363
3534;6;4;369.9241363
3535;4;2;386.9712
3536;5;4;369.9241363
3537;5;2;386.9712
3538;3;4;369.9241363
3539;1;4;369.9241363
3540;5;2;386.9712
3541;5;2;386.9712
3542;6;3;360.3307095
3543;2;4;369.9241363
3544;4;4;369.9241363
3545;2;3;360.3307095
3546;1;3;360.3307095
3547;1;4;369.9241363
3548;3;4;369.9241363
3549;6;2;386.9712
3550;1;3;360.3307095
3551;5;4;369.9241363
3552;6;1;457.517035
3553;3;2;386.9712
3554;3;2;386.9712
3555;2;2;386.9712
3556;4;1;457.517035
3557;5;2;386.9712
3558;2;3;360.3307095
3559;1;2;386.9712
3560;3;2;386.9712
3561;6;1;457.517035
3562;4;1;457.517035
3563;6;2;386.9712
3564;6;3;360.3307095
3565;3;5;317.0452195
3566;5;5;317.0452195
3567;3;1;457.517035
3568;6;1;457.517035
3569;2;2;386.9712
3570;6;2;386.9712
3571;2;4;369.9241363
3572;6;5;317.0452195
3573;5;5;317.0452195
3574;1;5;317.0452195
3575;2;2;386.9712
3576;5;1;457.517035
3577;4;1;457.517035
3578;2;3;360.3307095
3579;2;5;317.0452195
3580;3;5;317.0452195
3581;4;1;457.517035
3582;2;1;457.517035
3583;1;3;360.3307095
3584;6;4;369.9241363
3585;4;5;317.0452195
3586;3;1;457.517035
3587;1;2;386.9712
3588;1;2;386.9712
3589;3;3;360.3307095
3590;6;3;360.3307095
3591;5;5;317.0452195
3592;1;5;317.0452195
3593;5;1;457.517035
3594;4;1;457.517035
3595;5;3;360.3307095
3596;3;4;369.9241363
3597;4;5;317.0452195
3598;5;1;457.517035
3599;1;3;360.3307095
3600;4;3;360.3307095
3601;2;4;369.9241363
3602;3;5;317.0452195
3603;2;1;457.517035
3604;6;5;317.0452195
3605;2;1;457.517035
3606;6;3;360.3307095
3607;6;1;457.517035
3608;4;2;386.9712
3609;1;3;360.3307095
3610;3;1;457.517035
3611;1;4;369.9241363
3612;6;2;386.9712
3613;2;5;317.0452195
3614;6;3;360.3307095
3615;6;5;317.0452195
3616;6;3;360.3307095
3617;1;1;457.517035
3618;2;2;386.9712
3619;1;3;360.3307095
3620;3;1;457.517035
3621;1;2;386.9712
3622;2;2;386.9712
3623;6;3;360.3307095
3624;6;5;317.0452195
3625;2;4;369.9241363
3626;3;2;386.9712
3627;3;3;360.3307095
3628;6;2;386.9712
3629;4;2;386.9712
3630;1;1;457.517035
3631;3;5;317.0452195
3632;3;2;386.9712
3633;2;4;369.9241363
3634;6;3;360.3307095
3635;6;4;369.9241363
3636;4;3;360.3307095
3637;5;2;386.9712
3638;2;1;457.517035
3639;6;1;457.517035
3640;4;2;386.9712
3641;3;2;386.9712
3642;6;2;386.9712
3643;5;3;360.3307095
3644;3;4;369.9241363
3645;3;4;369.9241363
3646;6;5;317.0452195
3647;2;2;386.9712
3648;3;2;386.9712
