"id_hd";"SEXAGE"
1;"14"
1;"23"
1;"24"
2;"11"
2;"13"
2;"23"
3;"16"
3;"26"
4;"24"
5;"12"
5;"14"
5;"23"
5;"24"
6;"14"
6;"22"
6;"23"
6;"24"
7;"12"
7;"14"
7;"23"
8;"13"
8;"23"
8;"24"
9;"23"
9;"25"
10;"14"
10;"21"
10;"22"
10;"24"
11;"14"
11;"24"
12;"12"
12;"14"
12;"23"
12;"24"
13;"22"
13;"22"
13;"23"
14;"13"
15;"15"
15;"25"
16;"14"
16;"26"
17;"15"
17;"23"
17;"25"
18;"13"
18;"15"
18;"23"
18;"24"
19;"15"
19;"25"
20;"22"
20;"24"
21;"16"
21;"26"
22;"15"
22;"25"
23;"15"
23;"21"
23;"23"
23;"25"
24;"15"
24;"23"
24;"23"
24;"25"
25;"22"
25;"24"
26;"12"
26;"21"
26;"23"
27;"13"
27;"13"
27;"15"
27;"25"
28;"16"
28;"26"
29;"11"
29;"13"
29;"21"
29;"23"
30;"15"
30;"25"
31;"12"
31;"24"
32;"11"
32;"13"
32;"23"
33;"14"
33;"25"
34;"14"
34;"23"
35;"23"
35;"25"
36;"12"
36;"13"
36;"23"
36;"24"
37;"14"
37;"22"
37;"24"
38;"12"
38;"14"
38;"22"
38;"24"
39;"13"
39;"23"
40;"13"
40;"25"
41;"12"
41;"14"
41;"22"
41;"24"
42;"24"
42;"26"
43;"16"
43;"26"
44;"16"
44;"23"
44;"23"
44;"26"
45;"15"
45;"25"
46;"13"
47;"13"
47;"15"
47;"25"
48;"12"
48;"15"
48;"24"
49;"13"
49;"25"
50;"12"
50;"14"
50;"23"
50;"24"
51;"13"
51;"23"
52;"11"
52;"11"
52;"13"
52;"21"
52;"23"
53;"15"
53;"24"
54;"14"
55;"12"
55;"24"
56;"12"
56;"14"
56;"21"
56;"23"
57;"13"
57;"21"
57;"23"
58;"15"
58;"24"
59;"14"
59;"24"
60;"22"
60;"22"
60;"23"
61;"11"
61;"16"
61;"24"
62;"11"
62;"12"
62;"12"
62;"13"
62;"23"
63;"13"
64;"11"
64;"13"
64;"23"
65;"16"
65;"26"
66;"11"
66;"13"
66;"21"
66;"23"
67;"12"
67;"14"
67;"23"
68;"13"
68;"15"
68;"25"
69;"12"
69;"13"
69;"24"
70;"21"
70;"23"
70;"23"
70;"24"
71;"16"
71;"26"
72;"12"
72;"12"
72;"23"
73;"14"
73;"26"
74;"16"
74;"26"
75;"25"
75;"26"
76;"12"
76;"15"
76;"23"
76;"23"
76;"24"
77;"14"
77;"23"
78;"21"
78;"23"
78;"26"
79;"11"
79;"11"
79;"13"
79;"23"
80;"15"
80;"25"
81;"13"
81;"23"
82;"16"
82;"22"
82;"26"
83;"12"
83;"14"
83;"22"
83;"24"
84;"14"
84;"22"
84;"24"
85;"16"
85;"26"
86;"12"
86;"14"
86;"24"
87;"13"
87;"15"
87;"25"
88;"12"
88;"15"
88;"22"
88;"24"
89;"16"
89;"25"
90;"16"
90;"25"
90;"26"
91;"11"
91;"11"
91;"12"
91;"13"
91;"23"
92;"16"
92;"26"
93;"13"
93;"23"
94;"13"
94;"16"
94;"25"
95;"15"
95;"23"
95;"23"
95;"25"
96;"13"
96;"23"
96;"25"
97;"16"
97;"25"
98;"22"
98;"25"
99;"11"
99;"13"
99;"23"
100;"12"
100;"14"
100;"22"
100;"23"
101;"14"
101;"22"
101;"24"
102;"14"
102;"24"
103;"12"
104;"11"
104;"13"
104;"14"
104;"23"
104;"24"
105;"15"
105;"16"
105;"21"
105;"23"
105;"26"
106;"26"
107;"15"
107;"25"
108;"14"
108;"22"
108;"22"
108;"24"
109;"14"
109;"22"
109;"22"
109;"22"
109;"24"
110;"13"
110;"22"
110;"23"
111;"13"
111;"23"
112;"12"
112;"15"
112;"24"
113;"14"
113;"22"
114;"25"
115;"13"
115;"23"
116;"14"
116;"22"
116;"23"
117;"26"
118;"13"
118;"16"
118;"25"
119;"26"
120;"15"
120;"25"
121;"11"
121;"13"
121;"21"
121;"23"
122;"11"
122;"12"
122;"12"
122;"14"
122;"24"
123;"16"
123;"26"
124;"26"
125;"13"
125;"15"
125;"24"
126;"16"
126;"26"
127;"11"
127;"14"
127;"22"
127;"22"
127;"24"
128;"15"
128;"22"
128;"23"
128;"24"
129;"15"
129;"22"
129;"25"
130;"12"
130;"16"
130;"23"
130;"26"
131;"12"
131;"14"
131;"22"
131;"22"
131;"24"
132;"11"
132;"13"
132;"21"
132;"21"
132;"23"
133;"12"
133;"12"
133;"13"
133;"23"
134;"25"
135;"11"
135;"11"
135;"13"
135;"21"
135;"23"
136;"15"
136;"25"
137;"12"
137;"13"
137;"21"
137;"23"
138;"13"
138;"15"
138;"25"
139;"14"
139;"22"
139;"24"
140;"13"
141;"13"
141;"13"
141;"14"
141;"24"
142;"14"
142;"23"
143;"11"
143;"11"
143;"13"
143;"23"
144;"16"
145;"16"
146;"11"
146;"13"
146;"21"
146;"23"
147;"16"
148;"16"
148;"26"
149;"26"
149;"26"
150;"12"
150;"14"
150;"21"
150;"23"
151;"25"
152;"11"
152;"12"
152;"14"
152;"22"
152;"23"
153;"11"
153;"13"
153;"21"
153;"23"
154;"11"
154;"12"
154;"13"
154;"23"
155;"11"
155;"13"
155;"23"
156;"26"
157;"21"
157;"22"
157;"23"
158;"12"
158;"14"
158;"22"
158;"22"
158;"24"
159;"26"
160;"25"
161;"24"
161;"26"
162;"15"
162;"25"
163;"25"
164;"13"
164;"16"
164;"26"
165;"13"
165;"21"
165;"21"
165;"23"
166;"25"
167;"15"
167;"25"
168;"21"
168;"21"
168;"23"
169;"13"
169;"21"
169;"21"
169;"23"
170;"13"
170;"21"
170;"21"
170;"23"
171;"26"
172;"12"
172;"12"
172;"14"
172;"24"
173;"16"
173;"26"
174;"11"
174;"13"
174;"22"
175;"12"
175;"13"
175;"22"
175;"23"
176;"25"
177;"23"
177;"25"
178;"14"
178;"21"
178;"22"
178;"23"
179;"16"
179;"26"
180;"25"
181;"11"
181;"12"
181;"13"
181;"21"
181;"23"
182;"23"
182;"25"
183;"15"
183;"25"
184;"13"
184;"15"
184;"24"
185;"12"
185;"14"
185;"22"
185;"24"
186;"15"
186;"25"
187;"22"
187;"23"
187;"25"
188;"13"
188;"23"
189;"13"
189;"14"
189;"22"
189;"24"
190;"25"
191;"26"
192;"13"
192;"14"
192;"22"
192;"24"
193;"12"
193;"16"
193;"23"
194;"16"
194;"23"
194;"23"
195;"15"
195;"23"
195;"25"
196;"23"
196;"24"
197;"25"
198;"16"
198;"26"
199;"15"
200;"11"
200;"15"
200;"23"
200;"25"
201;"25"
202;"13"
202;"22"
202;"22"
202;"23"
203;"16"
204;"22"
204;"25"
205;"13"
205;"22"
205;"23"
206;"25"
207;"16"
207;"25"
208;"13"
208;"13"
208;"15"
208;"25"
209;"13"
209;"15"
209;"22"
209;"25"
210;"11"
210;"11"
210;"13"
210;"21"
210;"23"
211;"15"
211;"26"
212;"14"
213;"16"
213;"26"
214;"13"
214;"13"
214;"25"
215;"12"
215;"15"
215;"22"
215;"23"
215;"24"
216;"13"
216;"22"
216;"22"
216;"23"
217;"23"
217;"23"
217;"25"
218;"15"
218;"25"
219;"16"
219;"26"
220;"13"
220;"23"
220;"25"
221;"14"
221;"23"
222;"15"
222;"24"
223;"13"
223;"13"
223;"23"
223;"23"
223;"25"
224;"12"
224;"13"
224;"14"
224;"24"
225;"11"
225;"11"
225;"13"
225;"23"
226;"14"
227;"13"
227;"21"
227;"22"
227;"23"
228;"13"
228;"23"
229;"22"
229;"23"
230;"12"
230;"21"
230;"23"
231;"11"
231;"21"
231;"23"
232;"15"
233;"26"
234;"16"
234;"26"
235;"11"
235;"13"
235;"21"
235;"23"
236;"13"
236;"15"
236;"23"
236;"23"
236;"25"
237;"16"
238;"13"
238;"22"
238;"24"
239;"11"
239;"12"
239;"13"
239;"24"
240;"12"
240;"13"
240;"22"
240;"23"
241;"24"
242;"14"
242;"25"
243;"12"
243;"13"
243;"23"
244;"23"
245;"11"
245;"13"
245;"23"
246;"12"
246;"23"
247;"25"
248;"23"
248;"24"
249;"16"
249;"26"
250;"16"
251;"12"
251;"14"
251;"22"
251;"24"
252;"16"
252;"26"
253;"11"
253;"13"
253;"22"
253;"23"
254;"11"
254;"13"
254;"23"
255;"15"
255;"25"
256;"26"
257;"25"
258;"15"
258;"25"
259;"26"
260;"15"
260;"22"
260;"22"
260;"25"
261;"26"
262;"26"
263;"13"
263;"16"
263;"25"
264;"26"
265;"15"
265;"24"
266;"11"
266;"13"
266;"23"
267;"13"
268;"13"
269;"23"
270;"13"
270;"23"
271;"13"
271;"23"
272;"13"
272;"23"
273;"15"
273;"22"
273;"24"
274;"11"
274;"13"
274;"23"
275;"14"
275;"22"
275;"22"
275;"23"
276;"13"
276;"14"
276;"22"
276;"24"
277;"12"
277;"15"
277;"24"
278;"13"
278;"25"
279;"11"
279;"21"
279;"23"
280;"13"
280;"15"
280;"26"
281;"12"
281;"13"
281;"15"
281;"24"
282;"11"
282;"13"
282;"21"
282;"23"
283;"24"
284;"13"
284;"21"
284;"21"
284;"23"
285;"11"
285;"11"
285;"13"
285;"23"
286;"13"
286;"23"
287;"12"
287;"13"
287;"21"
287;"23"
288;"25"
289;"15"
289;"22"
289;"22"
289;"24"
290;"13"
290;"23"
291;"13"
291;"21"
291;"23"
292;"13"
293;"16"
293;"26"
294;"11"
294;"13"
294;"21"
294;"23"
295;"11"
295;"13"
295;"23"
296;"11"
296;"11"
296;"13"
296;"23"
297;"12"
297;"15"
297;"24"
298;"12"
298;"13"
298;"21"
298;"22"
298;"23"
299;"24"
300;"16"
300;"26"
301;"13"
301;"15"
301;"25"
302;"11"
302;"22"
302;"22"
302;"23"
303;"12"
303;"14"
303;"22"
303;"23"
304;"23"
305;"13"
305;"23"
306;"22"
306;"22"
306;"23"
306;"23"
307;"26"
308;"22"
308;"24"
308;"26"
309;"11"
309;"12"
309;"14"
309;"24"
310;"13"
310;"14"
310;"22"
310;"24"
311;"26"
312;"24"
313;"23"
313;"25"
314;"11"
314;"13"
314;"21"
314;"23"
315;"13"
315;"23"
315;"24"
316;"26"
317;"22"
317;"23"
318;"12"
318;"14"
318;"22"
318;"24"
319;"13"
319;"21"
319;"22"
319;"23"
320;"16"
320;"26"
321;"26"
322;"13"
322;"15"
322;"24"
323;"12"
323;"12"
323;"14"
323;"23"
324;"14"
325;"21"
325;"22"
325;"23"
326;"26"
327;"23"
327;"25"
328;"26"
329;"16"
329;"25"
330;"12"
330;"12"
330;"14"
330;"23"
331;"11"
331;"11"
331;"14"
331;"21"
331;"23"
332;"16"
333;"14"
333;"22"
333;"24"
334;"25"
335;"16"
335;"26"
336;"16"
336;"22"
336;"25"
337;"11"
337;"14"
337;"16"
337;"21"
337;"23"
338;"21"
338;"23"
339;"12"
339;"14"
339;"22"
339;"24"
340;"26"
341;"13"
341;"15"
341;"25"
342;"12"
342;"14"
342;"22"
342;"23"
343;"23"
344;"12"
344;"24"
345;"11"
345;"24"
345;"26"
346;"13"
346;"14"
346;"24"
347;"12"
347;"14"
347;"22"
347;"23"
348;"26"
349;"12"
349;"22"
350;"25"
351;"13"
351;"21"
351;"22"
351;"23"
352;"12"
352;"22"
352;"23"
352;"23"
352;"25"
353;"25"
354;"15"
354;"25"
355;"11"
355;"13"
355;"23"
356;"13"
356;"21"
356;"23"
357;"16"
357;"25"
358;"13"
358;"22"
358;"23"
359;"12"
359;"13"
359;"22"
359;"23"
360;"24"
361;"23"
361;"26"
362;"15"
362;"21"
362;"23"
362;"25"
363;"16"
363;"22"
363;"22"
363;"24"
363;"26"
364;"14"
364;"22"
364;"22"
364;"24"
365;"12"
365;"14"
365;"22"
365;"23"
365;"26"
366;"13"
366;"15"
366;"25"
367;"25"
368;"23"
369;"12"
369;"24"
370;"13"
370;"21"
370;"21"
370;"22"
370;"23"
371;"13"
371;"14"
371;"22"
371;"22"
371;"24"
372;"12"
373;"25"
374;"11"
374;"13"
374;"21"
374;"23"
375;"12"
375;"12"
375;"13"
375;"23"
376;"13"
376;"24"
377;"23"
378;"15"
378;"22"
378;"24"
379;"14"
379;"22"
379;"22"
379;"22"
379;"24"
380;"16"
380;"26"
381;"11"
381;"22"
381;"23"
381;"26"
382;"12"
382;"12"
382;"13"
382;"22"
382;"24"
383;"26"
384;"16"
384;"26"
385;"12"
385;"12"
385;"14"
385;"23"
386;"14"
386;"24"
387;"12"
387;"14"
387;"22"
387;"22"
387;"23"
388;"11"
388;"11"
388;"12"
388;"13"
388;"23"
389;"26"
390;"24"
391;"14"
391;"22"
391;"22"
391;"23"
392;"11"
392;"13"
392;"21"
392;"23"
393;"16"
393;"25"
394;"13"
394;"15"
394;"25"
395;"13"
395;"15"
395;"25"
396;"26"
397;"16"
397;"23"
397;"26"
398;"12"
398;"13"
398;"21"
398;"23"
399;"16"
399;"25"
400;"13"
400;"14"
400;"22"
400;"24"
401;"16"
402;"11"
402;"13"
402;"23"
403;"15"
403;"24"
404;"13"
404;"15"
404;"25"
405;"13"
406;"13"
406;"21"
406;"23"
407;"26"
408;"13"
408;"22"
408;"23"
409;"16"
409;"25"
410;"16"
410;"25"
411;"15"
411;"23"
411;"25"
412;"14"
412;"22"
412;"22"
412;"24"
413;"12"
413;"14"
413;"24"
414;"12"
414;"14"
414;"23"
414;"24"
415;"16"
415;"26"
416;"11"
416;"14"
416;"22"
416;"23"
417;"13"
417;"16"
417;"26"
418;"26"
419;"16"
419;"26"
420;"16"
420;"26"
421;"16"
421;"26"
422;"13"
422;"23"
422;"26"
423;"26"
424;"26"
425;"16"
425;"24"
425;"26"
426;"23"
426;"26"
427;"25"
428;"16"
428;"22"
428;"24"
428;"26"
429;"13"
429;"23"
429;"26"
430;"16"
430;"26"
431;"25"
432;"11"
432;"13"
432;"22"
432;"23"
433;"13"
433;"21"
433;"22"
433;"23"
434;"12"
434;"12"
434;"24"
435;"13"
435;"22"
435;"23"
436;"12"
436;"12"
436;"13"
436;"23"
437;"13"
437;"13"
437;"14"
437;"24"
438;"15"
438;"25"
439;"16"
439;"26"
440;"12"
440;"13"
440;"22"
440;"23"
441;"13"
441;"23"
442;"15"
442;"23"
442;"25"
443;"26"
444;"13"
444;"21"
444;"21"
444;"23"
445;"11"
445;"13"
445;"23"
445;"23"
445;"25"
446;"26"
447;"15"
447;"25"
448;"22"
448;"22"
448;"23"
449;"12"
449;"14"
449;"22"
449;"24"
450;"24"
451;"12"
451;"15"
451;"22"
451;"24"
452;"25"
453;"26"
454;"15"
454;"25"
455;"12"
455;"13"
455;"13"
455;"15"
455;"25"
456;"26"
457;"26"
458;"15"
458;"26"
459;"16"
459;"26"
460;"14"
460;"16"
460;"26"
461;"13"
461;"15"
461;"23"
461;"25"
462;"15"
462;"24"
463;"13"
463;"23"
464;"13"
464;"22"
465;"26"
466;"26"
467;"11"
467;"12"
467;"13"
467;"14"
467;"24"
468;"25"
469;"26"
470;"16"
470;"26"
471;"26"
472;"11"
472;"11"
472;"13"
472;"23"
473;"15"
473;"23"
473;"25"
474;"14"
474;"22"
474;"22"
474;"24"
475;"26"
476;"23"
476;"25"
477;"14"
477;"22"
477;"23"
477;"24"
478;"12"
478;"13"
478;"13"
478;"14"
478;"24"
479;"26"
480;"26"
481;"13"
481;"16"
481;"25"
482;"12"
482;"14"
482;"22"
482;"24"
483;"14"
483;"16"
483;"24"
484;"14"
484;"16"
484;"26"
485;"26"
486;"12"
486;"12"
486;"14"
486;"22"
486;"24"
487;"12"
487;"13"
487;"21"
487;"23"
488;"12"
488;"14"
488;"24"
489;"15"
489;"23"
489;"25"
490;"12"
490;"13"
490;"22"
490;"23"
491;"11"
491;"13"
491;"23"
492;"16"
492;"26"
493;"14"
493;"14"
493;"16"
493;"21"
493;"24"
494;"13"
494;"21"
494;"22"
495;"13"
495;"15"
495;"24"
496;"15"
496;"22"
496;"23"
497;"12"
497;"15"
497;"25"
498;"26"
499;"23"
499;"26"
500;"13"
500;"15"
500;"25"
501;"12"
501;"13"
501;"23"
501;"25"
502;"12"
502;"13"
502;"21"
502;"23"
503;"12"
503;"13"
503;"15"
503;"24"
504;"16"
504;"26"
505;"26"
506;"13"
506;"21"
506;"23"
507;"14"
507;"22"
507;"24"
508;"24"
509;"16"
509;"26"
510;"13"
510;"14"
510;"22"
510;"23"
511;"26"
512;"16"
513;"13"
513;"15"
513;"24"
514;"13"
514;"13"
514;"15"
514;"25"
515;"25"
516;"16"
516;"25"
517;"15"
517;"25"
518;"16"
518;"26"
519;"15"
519;"25"
520;"14"
520;"24"
521;"12"
521;"14"
521;"24"
522;"11"
522;"11"
522;"13"
522;"23"
523;"11"
523;"13"
523;"21"
523;"23"
524;"15"
524;"22"
524;"22"
524;"25"
525;"11"
525;"13"
525;"21"
525;"23"
525;"25"
526;"13"
526;"21"
526;"23"
527;"12"
527;"23"
528;"26"
529;"26"
530;"25"
531;"15"
531;"25"
532;"11"
532;"13"
532;"21"
532;"23"
533;"12"
533;"12"
533;"13"
533;"23"
534;"24"
535;"12"
535;"14"
535;"22"
535;"23"
535;"24"
536;"15"
536;"25"
537;"12"
537;"13"
537;"21"
537;"23"
538;"12"
538;"13"
538;"15"
538;"25"
539;"13"
539;"21"
539;"23"
540;"14"
541;"25"
542;"23"
542;"24"
542;"26"
543;"16"
543;"26"
544;"16"
544;"26"
545;"13"
545;"21"
545;"23"
546;"12"
546;"12"
546;"14"
546;"23"
547;"11"
547;"11"
547;"13"
547;"23"
548;"26"
549;"16"
549;"26"
550;"22"
550;"24"
550;"26"
551;"13"
551;"23"
552;"25"
553;"14"
553;"22"
553;"22"
553;"23"
554;"14"
554;"22"
554;"22"
554;"23"
555;"15"
555;"25"
556;"15"
556;"25"
557;"12"
557;"21"
557;"22"
558;"25"
559;"13"
560;"11"
560;"13"
560;"23"
561;"13"
561;"25"
562;"13"
562;"21"
562;"21"
562;"23"
563;"11"
563;"13"
563;"21"
563;"23"
564;"14"
564;"26"
565;"13"
565;"14"
565;"22"
565;"24"
566;"26"
567;"11"
567;"13"
567;"21"
567;"23"
568;"16"
569;"15"
569;"25"
570;"15"
570;"25"
571;"15"
571;"23"
571;"25"
572;"12"
572;"12"
572;"13"
572;"23"
573;"16"
574;"13"
575;"12"
575;"13"
575;"23"
576;"12"
576;"13"
576;"23"
577;"12"
577;"14"
577;"22"
577;"23"
578;"12"
578;"13"
578;"14"
578;"24"
579;"26"
580;"13"
580;"14"
580;"26"
581;"11"
581;"11"
581;"13"
581;"23"
582;"12"
582;"13"
582;"23"
583;"12"
583;"15"
583;"24"
584;"13"
584;"22"
584;"22"
584;"23"
585;"14"
585;"23"
585;"23"
585;"24"
586;"25"
587;"13"
587;"26"
588;"13"
588;"23"
588;"25"
589;"12"
589;"23"
589;"24"
590;"13"
590;"14"
590;"22"
590;"24"
591;"26"
592;"13"
592;"21"
592;"23"
593;"12"
593;"14"
593;"21"
593;"24"
594;"13"
594;"21"
594;"21"
594;"23"
595;"14"
595;"22"
595;"24"
596;"26"
597;"25"
597;"26"
598;"12"
598;"12"
598;"14"
598;"23"
599;"11"
599;"14"
599;"22"
599;"22"
599;"24"
600;"13"
600;"16"
600;"23"
600;"26"
601;"16"
601;"26"
602;"16"
602;"26"
603;"16"
604;"14"
604;"24"
605;"14"
605;"14"
605;"26"
606;"13"
606;"14"
606;"15"
606;"24"
607;"24"
608;"15"
608;"25"
609;"12"
609;"14"
609;"22"
609;"23"
610;"26"
611;"15"
611;"25"
612;"13"
612;"13"
612;"25"
612;"26"
613;"21"
613;"23"
614;"23"
615;"15"
615;"23"
615;"24"
616;"13"
616;"21"
616;"21"
616;"23"
617;"15"
617;"23"
617;"26"
618;"26"
619;"11"
619;"13"
619;"21"
619;"23"
620;"26"
621;"12"
621;"23"
622;"12"
622;"13"
622;"21"
622;"21"
622;"23"
623;"25"
624;"25"
625;"13"
625;"15"
625;"25"
626;"16"
626;"25"
627;"16"
627;"26"
628;"14"
628;"26"
629;"11"
629;"11"
629;"13"
629;"23"
630;"12"
630;"13"
630;"14"
630;"22"
630;"24"
631;"24"
632;"25"
633;"26"
634;"16"
634;"26"
635;"13"
635;"25"
636;"12"
636;"15"
636;"24"
637;"13"
637;"15"
637;"24"
638;"13"
638;"14"
638;"22"
638;"24"
639;"13"
640;"12"
640;"12"
640;"14"
640;"24"
641;"14"
642;"14"
643;"13"
643;"25"
644;"13"
644;"25"
645;"13"
645;"22"
645;"23"
646;"14"
646;"22"
646;"24"
647;"15"
647;"21"
647;"23"
647;"25"
648;"11"
648;"11"
648;"13"
648;"23"
649;"14"
649;"21"
649;"23"
649;"23"
649;"24"
650;"12"
650;"22"
650;"23"
651;"13"
651;"23"
652;"11"
652;"13"
652;"23"
653;"11"
653;"11"
653;"13"
653;"23"
654;"26"
655;"13"
655;"21"
655;"21"
655;"23"
656;"16"
656;"26"
657;"11"
657;"13"
657;"21"
657;"23"
657;"26"
658;"26"
659;"25"
660;"13"
660;"21"
660;"23"
660;"26"
661;"15"
661;"24"
662;"23"
663;"12"
663;"14"
664;"13"
664;"14"
664;"24"
665;"23"
665;"25"
666;"13"
666;"16"
666;"25"
667;"11"
667;"13"
667;"21"
667;"23"
668;"14"
669;"13"
669;"15"
669;"22"
669;"24"
670;"25"
671;"16"
672;"12"
672;"14"
672;"24"
673;"13"
673;"21"
673;"23"
674;"16"
674;"22"
674;"24"
674;"25"
675;"22"
675;"24"
676;"15"
676;"25"
677;"14"
677;"24"
678;"11"
678;"13"
678;"23"
679;"13"
679;"21"
679;"22"
679;"23"
680;"26"
681;"13"
681;"14"
681;"25"
682;"13"
682;"14"
682;"24"
683;"13"
683;"15"
683;"23"
683;"25"
684;"12"
684;"13"
684;"22"
684;"23"
685;"13"
685;"23"
686;"15"
686;"23"
686;"25"
687;"13"
687;"23"
687;"25"
688;"12"
688;"12"
688;"14"
688;"24"
689;"16"
689;"25"
690;"13"
690;"23"
690;"26"
691;"13"
691;"15"
691;"22"
691;"23"
692;"11"
692;"12"
692;"13"
692;"21"
692;"23"
693;"25"
694;"15"
694;"25"
695;"15"
695;"25"
696;"25"
697;"12"
697;"26"
698;"14"
698;"22"
698;"24"
699;"12"
699;"12"
699;"14"
699;"24"
700;"26"
701;"15"
701;"25"
702;"11"
702;"13"
702;"21"
702;"23"
703;"12"
703;"12"
703;"15"
703;"24"
704;"12"
704;"13"
704;"21"
704;"23"
705;"15"
705;"25"
706;"14"
706;"22"
706;"22"
706;"23"
707;"13"
707;"22"
707;"23"
708;"25"
709;"24"
710;"12"
710;"22"
711;"13"
711;"23"
712;"11"
712;"12"
712;"13"
712;"23"
713;"11"
713;"13"
713;"22"
713;"23"
713;"25"
714;"12"
715;"22"
716;"11"
716;"13"
716;"23"
717;"13"
717;"23"
718;"23"
719;"11"
719;"13"
719;"23"
720;"11"
720;"11"
720;"13"
720;"23"
721;"24"
721;"26"
722;"14"
722;"16"
723;"13"
723;"21"
723;"21"
723;"23"
724;"13"
724;"15"
724;"23"
724;"25"
725;"13"
725;"15"
725;"24"
726;"15"
726;"25"
727;"15"
727;"23"
727;"25"
728;"11"
728;"13"
728;"21"
728;"23"
729;"12"
729;"14"
729;"23"
729;"24"
730;"12"
730;"12"
730;"12"
730;"13"
730;"23"
731;"16"
732;"13"
732;"15"
732;"25"
733;"25"
734;"11"
734;"11"
734;"13"
734;"23"
735;"13"
735;"14"
735;"23"
735;"24"
736;"16"
736;"26"
737;"11"
737;"12"
737;"14"
737;"24"
738;"14"
738;"22"
738;"23"
739;"26"
740;"15"
740;"24"
741;"16"
741;"22"
741;"25"
742;"26"
743;"26"
744;"16"
744;"25"
745;"15"
745;"24"
746;"11"
746;"11"
746;"13"
746;"21"
746;"23"
747;"15"
747;"25"
748;"13"
748;"13"
748;"25"
749;"26"
750;"26"
751;"26"
752;"12"
752;"15"
752;"24"
753;"15"
753;"25"
753;"26"
754;"25"
755;"14"
755;"22"
755;"22"
755;"22"
755;"24"
756;"23"
757;"13"
757;"22"
757;"24"
758;"13"
758;"26"
759;"26"
760;"13"
760;"21"
760;"23"
761;"12"
761;"14"
761;"22"
761;"23"
762;"11"
762;"13"
762;"16"
762;"23"
762;"26"
763;"13"
763;"21"
763;"22"
763;"23"
764;"16"
764;"23"
764;"26"
765;"26"
766;"24"
767;"15"
767;"22"
767;"25"
768;"24"
769;"16"
769;"26"
770;"15"
770;"22"
770;"25"
771;"12"
771;"14"
771;"22"
771;"24"
772;"13"
772;"21"
772;"23"
772;"26"
773;"14"
773;"21"
773;"23"
773;"24"
774;"26"
775;"15"
775;"23"
775;"25"
776;"15"
776;"25"
777;"14"
777;"22"
777;"22"
778;"25"
779;"15"
779;"25"
780;"11"
780;"13"
780;"21"
780;"23"
781;"11"
781;"13"
781;"21"
781;"23"
782;"11"
782;"13"
782;"21"
782;"23"
783;"15"
783;"25"
784;"11"
784;"13"
784;"21"
784;"23"
785;"13"
786;"13"
787;"13"
787;"23"
788;"12"
788;"13"
788;"23"
789;"12"
789;"13"
789;"21"
789;"23"
790;"12"
790;"12"
790;"14"
790;"23"
791;"11"
791;"11"
791;"12"
791;"13"
791;"23"
792;"13"
792;"13"
792;"25"
793;"13"
793;"22"
794;"15"
794;"23"
794;"25"
795;"26"
796;"16"
796;"26"
797;"11"
797;"13"
797;"21"
797;"23"
798;"16"
798;"25"
799;"13"
799;"15"
799;"24"
800;"12"
800;"15"
800;"23"
800;"23"
800;"25"
801;"11"
801;"13"
801;"23"
802;"13"
802;"13"
802;"15"
802;"25"
803;"12"
803;"14"
803;"23"
803;"24"
804;"16"
804;"26"
805;"26"
806;"26"
807;"16"
807;"26"
808;"12"
808;"14"
808;"24"
809;"12"
809;"12"
809;"14"
809;"24"
810;"13"
810;"21"
810;"23"
811;"26"
812;"16"
812;"26"
813;"12"
813;"13"
813;"16"
813;"26"
814;"23"
814;"24"
815;"13"
815;"21"
815;"21"
815;"23"
816;"23"
817;"26"
818;"24"
819;"23"
819;"25"
820;"12"
820;"22"
820;"23"
821;"26"
822;"15"
822;"22"
822;"24"
823;"12"
823;"13"
823;"21"
823;"23"
824;"12"
824;"15"
824;"24"
825;"15"
825;"25"
825;"26"
826;"16"
826;"25"
827;"25"
828;"12"
828;"15"
828;"24"
829;"24"
830;"11"
830;"11"
830;"13"
830;"23"
830;"26"
831;"11"
831;"14"
831;"21"
831;"23"
832;"16"
832;"26"
833;"11"
833;"12"
833;"13"
833;"23"
834;"26"
835;"13"
835;"23"
836;"14"
836;"22"
836;"23"
836;"24"
837;"26"
838;"12"
838;"12"
838;"14"
838;"24"
839;"12"
839;"15"
839;"23"
839;"24"
840;"12"
840;"13"
840;"21"
840;"22"
840;"23"
841;"14"
841;"22"
841;"23"
842;"21"
842;"23"
843;"13"
843;"22"
843;"22"
843;"23"
844;"14"
844;"24"
845;"16"
846;"13"
846;"13"
846;"15"
846;"23"
846;"24"
847;"15"
847;"25"
848;"25"
849;"15"
849;"25"
850;"11"
850;"13"
850;"21"
850;"23"
851;"12"
851;"12"
851;"13"
851;"23"
852;"26"
853;"26"
854;"13"
854;"15"
854;"25"
855;"16"
855;"26"
856;"12"
856;"14"
856;"22"
856;"22"
856;"24"
857;"14"
857;"16"
857;"26"
858;"16"
858;"26"
859;"26"
860;"26"
861;"22"
861;"24"
862;"15"
862;"16"
862;"25"
862;"26"
863;"14"
863;"22"
863;"23"
863;"23"
863;"24"
864;"13"
864;"15"
864;"25"
865;"15"
866;"23"
866;"24"
867;"12"
867;"14"
867;"24"
868;"13"
868;"21"
868;"22"
868;"23"
869;"15"
869;"22"
869;"25"
870;"12"
870;"12"
870;"14"
870;"24"
871;"12"
871;"24"
872;"13"
872;"15"
872;"25"
873;"12"
873;"13"
873;"14"
873;"24"
874;"11"
874;"13"
874;"21"
874;"21"
874;"23"
875;"26"
876;"23"
876;"23"
876;"25"
877;"12"
877;"12"
877;"13"
877;"24"
878;"26"
879;"15"
879;"25"
880;"26"
881;"14"
881;"24"
881;"26"
882;"13"
882;"22"
883;"12"
883;"14"
883;"24"
884;"11"
884;"23"
884;"24"
885;"13"
885;"21"
885;"23"
886;"23"
886;"26"
887;"11"
887;"23"
887;"25"
888;"12"
888;"12"
888;"14"
888;"24"
889;"23"
889;"25"
890;"14"
891;"11"
891;"13"
891;"21"
891;"23"
892;"26"
893;"16"
893;"23"
893;"26"
894;"15"
894;"23"
894;"23"
894;"25"
895;"13"
895;"13"
895;"13"
895;"15"
895;"25"
896;"11"
896;"16"
896;"25"
897;"26"
898;"24"
899;"15"
899;"24"
900;"15"
900;"23"
900;"25"
901;"16"
901;"26"
902;"11"
902;"14"
902;"23"
903;"12"
903;"16"
903;"23"
903;"26"
904;"22"
904;"25"
905;"13"
905;"15"
905;"25"
906;"11"
906;"12"
906;"13"
906;"23"
907;"12"
907;"13"
907;"15"
907;"23"
907;"25"
908;"14"
908;"22"
909;"15"
909;"25"
910;"13"
910;"23"
910;"25"
911;"25"
912;"25"
913;"23"
913;"25"
914;"15"
914;"25"
915;"13"
915;"15"
915;"23"
915;"24"
916;"12"
916;"12"
916;"14"
916;"24"
917;"22"
917;"22"
917;"22"
917;"24"
918;"13"
918;"14"
918;"24"
919;"26"
920;"16"
920;"26"
921;"11"
921;"11"
921;"13"
921;"23"
922;"14"
922;"24"
923;"12"
923;"22"
923;"24"
924;"14"
924;"22"
924;"22"
924;"24"
925;"16"
926;"26"
927;"13"
927;"24"
928;"22"
928;"23"
928;"23"
928;"24"
929;"13"
929;"15"
929;"25"
930;"13"
930;"14"
930;"22"
930;"22"
930;"23"
931;"16"
931;"26"
932;"14"
932;"22"
932;"25"
933;"13"
933;"25"
934;"25"
935;"26"
936;"14"
936;"23"
936;"24"
937;"12"
937;"16"
937;"22"
937;"24"
937;"26"
938;"16"
938;"26"
939;"11"
939;"12"
939;"13"
939;"25"
940;"26"
941;"25"
941;"26"
942;"12"
942;"12"
942;"14"
942;"23"
943;"15"
943;"22"
943;"24"
944;"15"
944;"23"
944;"23"
944;"24"
945;"23"
945;"25"
946;"14"
946;"24"
947;"13"
947;"13"
947;"15"
947;"23"
947;"25"
948;"12"
948;"13"
948;"22"
948;"23"
949;"11"
949;"13"
949;"21"
949;"23"
950;"11"
950;"13"
950;"21"
950;"22"
950;"23"
951;"12"
951;"15"
952;"15"
952;"22"
952;"24"
952;"26"
953;"14"
953;"22"
953;"23"
954;"13"
954;"23"
954;"26"
955;"26"
956;"15"
956;"21"
956;"23"
956;"24"
957;"11"
957;"12"
957;"12"
957;"14"
957;"24"
958;"26"
959;"12"
959;"12"
959;"13"
959;"23"
960;"26"
961;"13"
961;"15"
961;"23"
961;"25"
962;"24"
963;"11"
963;"13"
963;"21"
963;"23"
964;"26"
965;"11"
965;"11"
965;"11"
965;"13"
965;"23"
966;"12"
966;"14"
966;"22"
966;"24"
966;"26"
967;"13"
967;"13"
967;"15"
967;"25"
968;"16"
968;"26"
969;"14"
970;"13"
970;"21"
970;"23"
970;"26"
971;"12"
971;"14"
971;"21"
971;"21"
971;"23"
972;"15"
972;"25"
973;"12"
973;"14"
973;"22"
973;"23"
973;"26"
974;"12"
974;"13"
974;"22"
974;"23"
975;"25"
976;"13"
976;"14"
976;"22"
976;"22"
976;"24"
977;"26"
978;"15"
978;"25"
979;"13"
979;"21"
979;"22"
979;"22"
979;"23"
980;"12"
980;"12"
980;"14"
980;"22"
980;"23"
981;"13"
981;"21"
981;"21"
981;"23"
982;"15"
982;"22"
982;"24"
983;"26"
984;"13"
984;"25"
985;"13"
985;"15"
985;"25"
986;"13"
986;"13"
986;"15"
986;"22"
986;"24"
987;"13"
987;"22"
987;"22"
987;"23"
988;"14"
988;"22"
988;"24"
989;"14"
989;"23"
990;"13"
990;"23"
991;"26"
992;"25"
993;"13"
993;"15"
993;"25"
994;"13"
994;"21"
994;"21"
994;"23"
995;"25"
996;"13"
996;"16"
996;"23"
996;"26"
997;"16"
997;"23"
997;"26"
998;"26"
999;"25"
1000;"16"
1000;"26"
1001;"13"
1001;"16"
1001;"24"
1001;"26"
1002;"12"
1002;"13"
1002;"21"
1002;"23"
1003;"15"
1003;"24"
1004;"12"
1004;"12"
1004;"13"
1004;"24"
1005;"24"
1006;"13"
1006;"22"
1006;"23"
1007;"13"
1007;"14"
1007;"22"
1007;"24"
1008;"12"
1008;"13"
1008;"14"
1008;"22"
1008;"24"
1009;"13"
1009;"14"
1009;"22"
1010;"13"
1010;"23"
1011;"13"
1012;"13"
1012;"21"
1012;"21"
1012;"23"
1012;"25"
1013;"15"
1013;"25"
1014;"26"
1015;"26"
1016;"15"
1017;"13"
1017;"21"
1017;"22"
1017;"23"
1018;"13"
1018;"23"
1019;"13"
1019;"24"
1020;"13"
1020;"13"
1020;"15"
1020;"24"
1021;"12"
1021;"23"
1022;"13"
1022;"14"
1022;"24"
1023;"14"
1024;"13"
1024;"21"
1024;"23"
1025;"13"
1025;"23"
1026;"26"
1027;"12"
1027;"12"
1027;"14"
1027;"22"
1027;"24"
1028;"15"
1028;"26"
1029;"16"
1029;"26"
1030;"25"
1031;"14"
1032;"13"
1032;"23"
1033;"11"
1033;"13"
1033;"22"
1033;"23"
1034;"13"
1034;"21"
1034;"22"
1034;"22"
1034;"23"
1035;"26"
1036;"16"
1036;"26"
1037;"16"
1037;"25"
1038;"13"
1038;"15"
1038;"26"
1039;"13"
1039;"13"
1039;"14"
1039;"25"
1040;"12"
1040;"13"
1040;"23"
1041;"25"
1042;"13"
1042;"26"
1043;"16"
1043;"26"
1044;"12"
1044;"14"
1044;"22"
1044;"24"
1045;"11"
1045;"11"
1045;"13"
1045;"23"
1045;"25"
1046;"26"
1047;"15"
1047;"25"
1048;"13"
1048;"15"
1048;"23"
1048;"25"
1049;"16"
1049;"26"
1050;"14"
1050;"16"
1050;"23"
1050;"26"
1051;"14"
1051;"22"
1051;"23"
1051;"25"
1052;"13"
1053;"12"
1053;"14"
1053;"22"
1053;"23"
1054;"23"
1054;"23"
1054;"25"
1055;"16"
1055;"23"
1055;"26"
1056;"11"
1056;"13"
1056;"21"
1056;"23"
1057;"12"
1057;"23"
1057;"26"
1058;"13"
1058;"21"
1058;"23"
1059;"26"
1060;"12"
1060;"13"
1060;"21"
1060;"23"
1061;"26"
1062;"16"
1062;"26"
1063;"15"
1063;"24"
1064;"13"
1064;"21"
1064;"23"
1065;"11"
1065;"11"
1065;"13"
1065;"23"
1066;"12"
1066;"13"
1066;"22"
1066;"23"
1067;"11"
1067;"13"
1067;"21"
1067;"21"
1067;"23"
1068;"11"
1068;"11"
1068;"14"
1068;"22"
1069;"25"
1070;"11"
1070;"13"
1070;"23"
1071;"24"
1072;"12"
1072;"21"
1072;"22"
1072;"22"
1072;"24"
1073;"15"
1073;"25"
1074;"13"
1074;"14"
1074;"22"
1074;"24"
1075;"11"
1075;"23"
1076;"15"
1076;"25"
1077;"22"
1077;"23"
1078;"14"
1078;"21"
1078;"24"
1078;"26"
1079;"12"
1079;"15"
1079;"24"
1080;"13"
1080;"24"
1081;"26"
1082;"22"
1082;"24"
1083;"15"
1083;"22"
1083;"25"
1084;"13"
1084;"21"
1084;"22"
1085;"11"
1085;"13"
1085;"21"
1085;"23"
1086;"26"
1087;"16"
1088;"13"
1088;"25"
1089;"13"
1089;"21"
1089;"21"
1089;"23"
1090;"15"
1091;"12"
1091;"25"
1092;"13"
1092;"13"
1092;"25"
1093;"13"
1094;"12"
1094;"22"
1094;"23"
1095;"13"
1095;"21"
1095;"22"
1095;"23"
1096;"24"
1097;"15"
1097;"26"
1098;"26"
1099;"13"
1099;"15"
1100;"15"
1101;"14"
1101;"22"
1101;"22"
1101;"24"
1102;"15"
1102;"24"
1103;"24"
1103;"26"
1104;"12"
1104;"12"
1104;"14"
1104;"24"
1105;"25"
1106;"12"
1106;"14"
1106;"22"
1106;"24"
1106;"26"
1107;"25"
1108;"15"
1108;"25"
1109;"13"
1109;"22"
1109;"22"
1109;"23"
1110;"12"
1110;"12"
1110;"13"
1110;"23"
1111;"16"
1112;"12"
1112;"13"
1112;"21"
1112;"23"
1113;"13"
1113;"13"
1113;"13"
1113;"16"
1113;"25"
1114;"14"
1115;"12"
1115;"22"
1116;"12"
1116;"14"
1116;"24"
1117;"14"
1117;"22"
1117;"22"
1117;"23"
1118;"12"
1118;"14"
1118;"22"
1118;"24"
1119;"11"
1119;"13"
1119;"21"
1119;"23"
1120;"26"
1121;"15"
1122;"15"
1122;"25"
1123;"12"
1123;"15"
1123;"25"
1124;"12"
1124;"15"
1124;"23"
1124;"25"
1125;"15"
1126;"14"
1126;"24"
1127;"12"
1127;"22"
1127;"23"
1128;"13"
1128;"22"
1128;"22"
1128;"23"
1129;"16"
1129;"25"
1130;"15"
1130;"22"
1130;"25"
1131;"13"
1131;"22"
1131;"22"
1131;"23"
1132;"12"
1132;"14"
1132;"22"
1132;"23"
1133;"25"
1134;"15"
1134;"25"
1135;"13"
1135;"16"
1135;"23"
1135;"26"
1136;"14"
1136;"22"
1136;"24"
1137;"13"
1137;"15"
1137;"23"
1137;"25"
1138;"12"
1138;"14"
1138;"22"
1138;"23"
1138;"24"
1139;"24"
1140;"22"
1140;"24"
1141;"12"
1141;"22"
1142;"12"
1142;"12"
1142;"23"
1142;"25"
1143;"14"
1143;"22"
1143;"22"
1143;"25"
1144;"12"
1144;"12"
1144;"13"
1144;"14"
1144;"24"
1145;"13"
1145;"21"
1145;"21"
1145;"21"
1145;"23"
1146;"15"
1146;"25"
1147;"13"
1147;"14"
1147;"21"
1147;"22"
1147;"24"
1148;"13"
1148;"14"
1148;"22"
1148;"24"
1149;"15"
1149;"25"
1150;"16"
1150;"26"
1151;"16"
1151;"26"
1152;"16"
1152;"26"
1153;"12"
1153;"14"
1153;"24"
1154;"13"
1154;"22"
1154;"22"
1154;"23"
1155;"13"
1156;"16"
1156;"26"
1157;"13"
1157;"21"
1157;"23"
1158;"16"
1158;"26"
1159;"14"
1159;"22"
1159;"23"
1160;"13"
1160;"14"
1160;"23"
1160;"23"
1160;"24"
1161;"12"
1161;"12"
1161;"14"
1161;"21"
1161;"24"
1162;"12"
1163;"13"
1163;"13"
1163;"14"
1163;"22"
1163;"24"
1164;"11"
1164;"12"
1164;"23"
1165;"12"
1165;"14"
1165;"22"
1165;"24"
1166;"11"
1166;"14"
1166;"22"
1166;"23"
1167;"16"
1167;"26"
1168;"13"
1169;"26"
1170;"16"
1170;"26"
1171;"15"
1171;"23"
1171;"25"
1172;"11"
1172;"11"
1172;"13"
1172;"23"
1172;"25"
1173;"26"
1174;"11"
1174;"23"
1174;"25"
1175;"11"
1175;"13"
1175;"23"
1176;"11"
1176;"13"
1176;"22"
1176;"23"
1177;"15"
1177;"22"
1177;"24"
1178;"14"
1178;"24"
1179;"12"
1179;"15"
1179;"22"
1179;"24"
1180;"13"
1180;"23"
1181;"25"
1182;"14"
1183;"13"
1183;"21"
1183;"23"
1184;"13"
1184;"13"
1184;"23"
1184;"23"
1185;"13"
1185;"15"
1185;"25"
1186;"14"
1186;"21"
1186;"23"
1187;"26"
1188;"13"
1188;"23"
1189;"13"
1189;"14"
1189;"22"
1189;"22"
1189;"23"
1190;"12"
1190;"14"
1190;"22"
1190;"23"
1191;"26"
1192;"13"
1192;"15"
1192;"21"
1192;"23"
1192;"25"
1193;"16"
1193;"26"
1194;"16"
1194;"26"
1195;"13"
1195;"21"
1195;"23"
1196;"11"
1196;"11"
1196;"22"
1196;"23"
1197;"26"
1198;"13"
1198;"15"
1199;"25"
1200;"14"
1200;"22"
1200;"24"
1201;"13"
1202;"16"
1202;"26"
1203;"23"
1204;"15"
1204;"25"
1205;"11"
1205;"12"
1205;"13"
1205;"23"
1206;"14"
1206;"22"
1206;"23"
1206;"23"
1206;"24"
1207;"16"
1207;"26"
1208;"14"
1208;"21"
1208;"24"
1209;"12"
1209;"14"
1209;"22"
1209;"24"
1210;"24"
1211;"14"
1211;"22"
1211;"22"
1211;"24"
1212;"12"
1212;"14"
1212;"23"
1212;"23"
1212;"24"
1213;"25"
1214;"15"
1214;"24"
1215;"12"
1215;"12"
1215;"14"
1215;"24"
1216;"12"
1216;"13"
1216;"14"
1216;"24"
1217;"25"
1218;"13"
1218;"23"
1219;"13"
1220;"12"
1220;"22"
1220;"24"
1221;"16"
1221;"26"
1222;"24"
1223;"23"
1223;"24"
1224;"13"
1224;"21"
1224;"21"
1224;"23"
1225;"11"
1225;"13"
1225;"15"
1225;"23"
1225;"24"
1226;"16"
1226;"25"
1227;"16"
1227;"16"
1227;"26"
1228;"11"
1228;"13"
1228;"23"
1228;"25"
1229;"15"
1229;"25"
1230;"23"
1230;"25"
1231;"11"
1231;"13"
1231;"16"
1231;"23"
1231;"25"
1232;"12"
1232;"12"
1232;"14"
1232;"23"
1233;"14"
1233;"22"
1233;"23"
1233;"24"
1234;"16"
1234;"22"
1234;"25"
1235;"13"
1235;"23"
1236;"25"
1237;"15"
1237;"23"
1237;"25"
1238;"11"
1238;"13"
1238;"21"
1238;"23"
1239;"11"
1239;"11"
1239;"13"
1239;"21"
1239;"23"
1240;"12"
1240;"12"
1240;"14"
1240;"23"
1240;"26"
1241;"14"
1242;"15"
1242;"26"
1243;"11"
1243;"11"
1243;"13"
1243;"23"
1244;"12"
1244;"23"
1245;"12"
1245;"13"
1245;"23"
1246;"12"
1246;"12"
1246;"14"
1246;"23"
1246;"24"
1247;"16"
1247;"26"
1248;"26"
1249;"16"
1249;"26"
1250;"26"
1251;"13"
1251;"16"
1251;"25"
1252;"16"
1252;"26"
1253;"13"
1253;"16"
1253;"25"
1254;"12"
1254;"14"
1254;"16"
1254;"26"
1255;"22"
1255;"22"
1255;"26"
1255;"26"
1256;"21"
1256;"23"
1256;"25"
1257;"14"
1257;"16"
1257;"26"
1258;"13"
1258;"13"
1258;"13"
1258;"16"
1258;"26"
1259;"15"
1260;"26"
1261;"12"
1261;"13"
1261;"23"
1261;"26"
1262;"11"
1262;"11"
1262;"12"
1262;"14"
1263;"25"
1264;"12"
1264;"24"
1265;"14"
1265;"24"
1266;"12"
1266;"22"
1266;"23"
1267;"11"
1267;"12"
1267;"12"
1267;"13"
1267;"23"
1268;"11"
1268;"16"
1268;"22"
1268;"22"
1268;"23"
1269;"15"
1269;"25"
1270;"16"
1270;"26"
1271;"14"
1271;"22"
1271;"24"
1272;"11"
1272;"11"
1272;"13"
1272;"23"
1273;"14"
1273;"22"
1273;"23"
1273;"24"
1274;"26"
1275;"24"
1276;"12"
1276;"23"
1277;"26"
1278;"16"
1278;"25"
1279;"15"
1279;"25"
1280;"11"
1280;"11"
1280;"13"
1280;"23"
1281;"11"
1281;"11"
1281;"13"
1281;"23"
1282;"11"
1282;"11"
1282;"13"
1282;"23"
1283;"16"
1284;"12"
1284;"13"
1284;"21"
1284;"23"
1285;"11"
1285;"14"
1285;"24"
1286;"11"
1286;"13"
1286;"23"
1287;"26"
1288;"16"
1288;"26"
1289;"22"
1289;"25"
1290;"23"
1290;"25"
1291;"11"
1291;"11"
1291;"13"
1291;"23"
1292;"13"
1292;"21"
1292;"23"
1293;"13"
1293;"23"
1294;"13"
1294;"21"
1294;"21"
1294;"23"
1295;"13"
1296;"13"
1296;"15"
1296;"22"
1296;"25"
1297;"16"
1297;"25"
1298;"16"
1298;"23"
1298;"25"
1299;"12"
1299;"14"
1299;"22"
1299;"24"
1299;"26"
1300;"25"
1301;"26"
1302;"16"
1302;"25"
1303;"12"
1303;"14"
1303;"22"
1303;"23"
1304;"25"
1305;"11"
1305;"13"
1305;"21"
1305;"23"
1306;"11"
1306;"14"
1306;"22"
1306;"22"
1306;"24"
1307;"25"
1308;"13"
1308;"15"
1308;"23"
1308;"25"
1309;"12"
1309;"23"
1310;"12"
1310;"23"
1310;"24"
1311;"13"
1311;"14"
1311;"24"
1312;"23"
1313;"12"
1313;"12"
1313;"14"
1313;"24"
1314;"14"
1314;"22"
1314;"23"
1315;"23"
1315;"26"
1316;"26"
1317;"26"
1318;"14"
1318;"24"
1319;"11"
1319;"13"
1319;"23"
1320;"26"
1321;"15"
1321;"25"
1322;"12"
1322;"14"
1322;"24"
1323;"14"
1323;"23"
1323;"24"
1324;"16"
1324;"26"
1325;"11"
1325;"13"
1325;"21"
1325;"23"
1326;"16"
1326;"26"
1327;"13"
1327;"21"
1327;"23"
1328;"12"
1328;"14"
1328;"22"
1328;"24"
1329;"12"
1329;"13"
1329;"13"
1329;"14"
1329;"24"
1330;"14"
1331;"16"
1331;"26"
1332;"14"
1332;"21"
1332;"23"
1333;"16"
1334;"15"
1334;"24"
1335;"11"
1335;"12"
1335;"13"
1335;"23"
1336;"16"
1336;"25"
1337;"12"
1337;"22"
1337;"23"
1338;"12"
1338;"21"
1338;"22"
1338;"22"
1338;"24"
1339;"16"
1339;"26"
1340;"14"
1340;"22"
1340;"23"
1341;"12"
1341;"13"
1341;"14"
1341;"24"
1342;"25"
1343;"14"
1343;"22"
1343;"22"
1343;"22"
1343;"24"
1344;"16"
1344;"25"
1345;"15"
1345;"22"
1345;"23"
1345;"24"
1346;"13"
1346;"22"
1346;"22"
1346;"23"
1347;"26"
1348;"26"
1349;"11"
1349;"13"
1349;"23"
1350;"13"
1350;"21"
1350;"23"
1351;"12"
1351;"14"
1351;"22"
1351;"23"
1352;"15"
1352;"21"
1352;"23"
1352;"25"
1353;"12"
1353;"14"
1353;"22"
1353;"23"
1354;"12"
1354;"13"
1354;"14"
1354;"24"
1355;"13"
1356;"13"
1356;"15"
1356;"22"
1356;"25"
1357;"16"
1357;"26"
1358;"26"
1359;"14"
1359;"26"
1360;"11"
1360;"13"
1360;"21"
1360;"23"
1361;"15"
1361;"16"
1361;"22"
1361;"23"
1361;"24"
1362;"26"
1363;"16"
1363;"25"
1364;"13"
1364;"23"
1365;"14"
1365;"22"
1365;"23"
1365;"26"
1366;"12"
1366;"14"
1366;"21"
1366;"23"
1366;"24"
1367;"12"
1367;"15"
1367;"25"
1368;"12"
1368;"13"
1368;"22"
1368;"23"
1368;"26"
1369;"24"
1370;"22"
1370;"23"
1371;"12"
1371;"14"
1371;"24"
1372;"13"
1372;"21"
1372;"22"
1372;"24"
1373;"15"
1373;"25"
1374;"12"
1374;"15"
1374;"24"
1375;"14"
1375;"22"
1375;"24"
1376;"12"
1376;"14"
1376;"24"
1377;"13"
1377;"15"
1377;"25"
1378;"15"
1378;"24"
1379;"13"
1379;"22"
1379;"23"
1380;"23"
1380;"25"
1381;"15"
1381;"25"
1382;"23"
1383;"14"
1383;"23"
1384;"25"
1385;"22"
1385;"22"
1385;"23"
1386;"13"
1386;"21"
1386;"22"
1387;"14"
1388;"12"
1388;"14"
1388;"21"
1388;"23"
1389;"13"
1389;"14"
1390;"12"
1390;"14"
1390;"23"
1391;"26"
1392;"26"
1393;"12"
1393;"13"
1393;"14"
1393;"24"
1394;"25"
1394;"26"
1395;"15"
1395;"23"
1395;"23"
1395;"25"
1396;"14"
1397;"12"
1397;"22"
1398;"12"
1398;"23"
1399;"12"
1399;"14"
1399;"24"
1400;"11"
1400;"13"
1400;"21"
1400;"23"
1401;"11"
1401;"13"
1401;"21"
1401;"23"
1402;"26"
1403;"15"
1403;"25"
1404;"12"
1404;"23"
1404;"24"
1405;"15"
1405;"23"
1405;"23"
1405;"25"
1406;"16"
1406;"26"
1407;"16"
1407;"26"
1408;"26"
1409;"12"
1409;"23"
1410;"12"
1410;"23"
1410;"26"
1411;"15"
1411;"22"
1411;"22"
1411;"24"
1412;"13"
1413;"26"
1414;"12"
1414;"13"
1414;"21"
1414;"22"
1414;"23"
1415;"12"
1415;"13"
1415;"23"
1415;"24"
1416;"12"
1416;"15"
1416;"22"
1416;"25"
1417;"13"
1417;"22"
1417;"24"
1418;"24"
1419;"22"
1419;"24"
1420;"12"
1420;"12"
1420;"24"
1421;"15"
1421;"25"
1422;"12"
1422;"13"
1422;"15"
1422;"25"
1423;"12"
1423;"13"
1423;"22"
1423;"24"
1424;"14"
1424;"24"
1425;"13"
1425;"21"
1425;"23"
1426;"12"
1426;"13"
1426;"21"
1426;"23"
1427;"11"
1427;"14"
1427;"22"
1427;"22"
1427;"23"
1428;"16"
1429;"26"
1430;"16"
1430;"26"
1431;"13"
1431;"21"
1431;"22"
1431;"23"
1432;"11"
1432;"11"
1432;"11"
1432;"13"
1432;"23"
1433;"24"
1434;"13"
1434;"14"
1434;"23"
1434;"24"
1435;"13"
1435;"15"
1435;"23"
1435;"23"
1435;"25"
1436;"23"
1437;"16"
1437;"25"
1438;"16"
1438;"26"
1439;"13"
1439;"15"
1439;"25"
1440;"13"
1440;"14"
1440;"23"
1440;"24"
1441;"12"
1441;"12"
1441;"14"
1441;"24"
1442;"12"
1442;"12"
1442;"13"
1442;"14"
1442;"24"
1443;"14"
1443;"22"
1443;"24"
1444;"12"
1444;"13"
1444;"22"
1444;"24"
1445;"12"
1445;"14"
1445;"23"
1446;"14"
1446;"22"
1446;"23"
1447;"22"
1447;"23"
1448;"24"
1449;"24"
1450;"13"
1450;"21"
1450;"23"
1451;"16"
1451;"26"
1452;"24"
1452;"26"
1453;"11"
1453;"13"
1453;"21"
1453;"23"
1454;"11"
1454;"13"
1454;"21"
1454;"23"
1455;"23"
1456;"15"
1456;"25"
1457;"13"
1457;"23"
1458;"12"
1458;"13"
1458;"21"
1458;"23"
1459;"12"
1459;"22"
1459;"22"
1459;"23"
1459;"26"
1460;"16"
1460;"26"
1461;"13"
1461;"13"
1461;"22"
1461;"24"
1462;"14"
1462;"26"
1463;"13"
1463;"26"
1464;"12"
1464;"13"
1464;"23"
1465;"12"
1465;"14"
1465;"21"
1465;"23"
1466;"23"
1466;"26"
1467;"16"
1467;"26"
1468;"14"
1468;"23"
1468;"24"
1469;"12"
1469;"14"
1469;"22"
1469;"23"
1470;"12"
1470;"14"
1470;"22"
1470;"22"
1470;"24"
1471;"26"
1472;"22"
1472;"23"
1473;"12"
1473;"13"
1473;"14"
1473;"24"
1474;"13"
1474;"13"
1474;"25"
1475;"11"
1475;"13"
1475;"23"
1476;"23"
1477;"13"
1477;"22"
1478;"16"
1478;"26"
1479;"12"
1479;"12"
1479;"14"
1479;"24"
1480;"12"
1480;"13"
1480;"14"
1480;"24"
1481;"14"
1482;"11"
1482;"13"
1482;"21"
1482;"23"
1483;"13"
1483;"13"
1483;"23"
1483;"23"
1483;"25"
1484;"25"
1485;"11"
1485;"13"
1485;"23"
1486;"23"
1487;"12"
1487;"14"
1487;"22"
1487;"24"
1488;"23"
1489;"16"
1489;"25"
1490;"16"
1490;"25"
1491;"15"
1491;"24"
1492;"13"
1492;"22"
1492;"26"
1493;"12"
1493;"14"
1493;"22"
1493;"24"
1494;"14"
1494;"22"
1494;"22"
1494;"23"
1495;"13"
1495;"22"
1495;"22"
1495;"23"
1496;"13"
1497;"22"
1497;"23"
1498;"16"
1498;"25"
1499;"14"
1499;"22"
1499;"22"
1499;"24"
1500;"13"
1500;"21"
1500;"21"
1500;"23"
1501;"13"
1501;"13"
1501;"15"
1501;"25"
1502;"16"
1502;"25"
1503;"11"
1503;"13"
1503;"23"
1504;"13"
1504;"21"
1504;"23"
1505;"25"
1506;"25"
1507;"25"
1508;"16"
1508;"26"
1509;"14"
1509;"22"
1509;"22"
1509;"24"
1510;"14"
1510;"22"
1510;"24"
1511;"16"
1511;"25"
1512;"13"
1512;"21"
1512;"23"
1513;"11"
1513;"13"
1513;"21"
1513;"23"
1514;"24"
1515;"12"
1515;"24"
1516;"11"
1516;"15"
1516;"23"
1517;"16"
1517;"25"
1518;"11"
1518;"11"
1518;"13"
1518;"23"
1519;"11"
1519;"13"
1519;"21"
1519;"23"
1520;"13"
1520;"14"
1520;"22"
1520;"22"
1520;"24"
1521;"22"
1522;"13"
1523;"25"
1524;"14"
1524;"24"
1525;"11"
1525;"23"
1525;"26"
1526;"15"
1526;"25"
1527;"14"
1527;"22"
1527;"23"
1528;"12"
1528;"14"
1528;"22"
1528;"24"
1529;"11"
1529;"13"
1529;"21"
1529;"23"
1530;"13"
1530;"21"
1530;"22"
1530;"23"
1530;"25"
1531;"13"
1531;"15"
1531;"25"
1532;"26"
1533;"16"
1533;"25"
1533;"26"
1534;"16"
1534;"23"
1534;"26"
1535;"12"
1535;"14"
1535;"23"
1535;"24"
1536;"26"
1537;"25"
1538;"12"
1538;"13"
1538;"15"
1538;"25"
1539;"12"
1539;"12"
1539;"14"
1539;"22"
1539;"23"
1540;"11"
1540;"13"
1540;"21"
1540;"23"
1541;"11"
1541;"11"
1541;"12"
1541;"13"
1541;"23"
1542;"11"
1542;"14"
1542;"23"
1543;"25"
1544;"16"
1544;"25"
1545;"12"
1545;"13"
1545;"23"
1546;"22"
1546;"23"
1547;"13"
1548;"13"
1548;"13"
1548;"23"
1548;"24"
1549;"12"
1549;"13"
1549;"15"
1549;"23"
1549;"25"
1550;"24"
1551;"16"
1551;"26"
1552;"13"
1552;"14"
1552;"24"
1553;"13"
1553;"24"
1554;"16"
1554;"26"
1555;"26"
1556;"23"
1557;"25"
1558;"15"
1558;"25"
1559;"11"
1559;"11"
1559;"13"
1559;"23"
1559;"25"
1560;"16"
1560;"26"
1561;"12"
1561;"13"
1561;"21"
1561;"23"
1562;"13"
1562;"22"
1562;"23"
1563;"26"
1564;"15"
1564;"25"
1565;"13"
1566;"24"
1566;"26"
1567;"12"
1567;"14"
1567;"22"
1567;"24"
1568;"26"
1569;"11"
1569;"13"
1569;"22"
1569;"23"
1570;"13"
1570;"21"
1570;"21"
1570;"23"
1570;"26"
1571;"16"
1571;"26"
1572;"12"
1572;"13"
1572;"21"
1572;"23"
1573;"22"
1573;"23"
1574;"23"
1575;"15"
1575;"25"
1576;"11"
1576;"12"
1576;"13"
1576;"23"
1577;"22"
1577;"23"
1578;"25"
1579;"25"
1580;"13"
1580;"23"
1581;"13"
1581;"14"
1581;"24"
1582;"13"
1582;"14"
1582;"22"
1582;"25"
1583;"13"
1583;"25"
1584;"13"
1585;"25"
1586;"15"
1586;"25"
1587;"13"
1587;"21"
1587;"22"
1587;"23"
1588;"12"
1588;"13"
1588;"15"
1588;"22"
1588;"25"
1589;"16"
1589;"24"
1589;"26"
1590;"26"
1591;"16"
1591;"26"
1592;"14"
1593;"13"
1593;"25"
1594;"26"
1595;"16"
1595;"26"
1596;"22"
1596;"24"
1597;"12"
1597;"22"
1597;"23"
1598;"25"
1599;"15"
1599;"25"
1600;"11"
1600;"24"
1601;"14"
1601;"22"
1601;"22"
1601;"23"
1602;"12"
1602;"12"
1602;"16"
1602;"24"
1603;"24"
1604;"12"
1604;"13"
1604;"23"
1605;"12"
1605;"22"
1605;"24"
1606;"16"
1606;"26"
1607;"25"
1607;"26"
1608;"11"
1608;"13"
1608;"15"
1608;"23"
1608;"25"
1609;"11"
1609;"14"
1609;"22"
1609;"24"
1610;"13"
1610;"25"
1611;"24"
1612;"13"
1612;"15"
1612;"25"
1613;"12"
1613;"24"
1613;"26"
1614;"13"
1614;"15"
1614;"24"
1615;"15"
1615;"23"
1615;"25"
1616;"13"
1616;"15"
1616;"23"
1616;"25"
1617;"26"
1618;"13"
1619;"11"
1619;"13"
1619;"23"
1620;"12"
1620;"13"
1620;"24"
1621;"11"
1621;"12"
1621;"14"
1621;"24"
1622;"11"
1622;"14"
1622;"23"
1623;"25"
1624;"26"
1625;"22"
1625;"23"
1625;"25"
1626;"16"
1626;"21"
1626;"23"
1626;"26"
1627;"13"
1627;"23"
1628;"16"
1629;"26"
1630;"15"
1630;"25"
1631;"11"
1631;"11"
1631;"13"
1631;"23"
1632;"24"
1633;"12"
1633;"13"
1633;"21"
1633;"23"
1634;"11"
1634;"13"
1634;"21"
1634;"23"
1635;"11"
1635;"14"
1635;"22"
1635;"22"
1635;"23"
1636;"11"
1636;"12"
1636;"13"
1636;"23"
1637;"11"
1637;"11"
1637;"11"
1637;"13"
1637;"23"
1638;"16"
1638;"23"
1638;"26"
1639;"14"
1639;"22"
1639;"22"
1639;"24"
1640;"12"
1640;"14"
1640;"23"
1640;"24"
1641;"14"
1641;"24"
1642;"23"
1642;"24"
1642;"26"
1643;"26"
1644;"13"
1644;"22"
1644;"24"
1645;"11"
1645;"13"
1645;"23"
1646;"11"
1646;"13"
1646;"23"
1646;"25"
1647;"13"
1647;"21"
1647;"21"
1647;"23"
1648;"25"
1649;"13"
1649;"15"
1649;"23"
1649;"25"
1649;"26"
1650;"15"
1650;"24"
1651;"12"
1651;"13"
1651;"22"
1651;"23"
1652;"11"
1652;"14"
1652;"24"
1653;"12"
1653;"13"
1653;"22"
1653;"23"
1654;"12"
1654;"14"
1654;"22"
1654;"23"
1655;"11"
1655;"13"
1655;"23"
1656;"13"
1656;"23"
1657;"16"
1657;"25"
1658;"13"
1658;"21"
1658;"23"
1659;"25"
1660;"12"
1660;"25"
1661;"13"
1662;"12"
1662;"22"
1662;"23"
1663;"14"
1663;"24"
1664;"26"
1665;"12"
1665;"14"
1665;"24"
1666;"13"
1666;"15"
1666;"22"
1666;"24"
1667;"14"
1667;"24"
1668;"15"
1669;"25"
1670;"13"
1670;"23"
1671;"13"
1671;"23"
1672;"12"
1672;"15"
1672;"24"
1673;"11"
1673;"13"
1673;"21"
1673;"23"
1674;"23"
1674;"25"
1675;"12"
1675;"23"
1676;"23"
1677;"13"
1677;"21"
1677;"23"
1678;"23"
1678;"23"
1679;"13"
1679;"21"
1679;"21"
1679;"23"
1680;"24"
1681;"11"
1681;"13"
1681;"21"
1681;"23"
1682;"13"
1682;"21"
1682;"21"
1682;"23"
1683;"11"
1683;"12"
1683;"21"
1683;"23"
1683;"25"
1684;"25"
1685;"13"
1685;"23"
1686;"12"
1686;"14"
1686;"23"
1687;"16"
1687;"26"
1688;"16"
1688;"26"
1689;"13"
1689;"15"
1689;"24"
1690;"15"
1690;"21"
1690;"23"
1690;"25"
1691;"13"
1691;"15"
1691;"23"
1691;"25"
1692;"14"
1692;"21"
1692;"22"
1692;"23"
1693;"16"
1693;"26"
1694;"14"
1694;"16"
1694;"26"
1695;"16"
1695;"25"
1696;"13"
1696;"15"
1696;"23"
1696;"25"
1697;"13"
1697;"21"
1697;"23"
1698;"24"
1699;"15"
1699;"25"
1700;"13"
1700;"16"
1700;"26"
1701;"11"
1701;"13"
1701;"22"
1701;"23"
1702;"12"
1702;"14"
1702;"22"
1702;"23"
1702;"24"
1703;"14"
1704;"13"
1704;"22"
1705;"15"
1705;"25"
1706;"11"
1706;"13"
1706;"21"
1706;"23"
1706;"24"
1707;"12"
1707;"14"
1707;"22"
1707;"24"
1708;"16"
1708;"26"
1709;"14"
1709;"21"
1709;"22"
1709;"23"
1710;"22"
1710;"22"
1710;"24"
1711;"12"
1711;"12"
1711;"14"
1711;"23"
1711;"24"
1712;"15"
1712;"22"
1712;"23"
1712;"24"
1712;"26"
1713;"12"
1713;"14"
1713;"22"
1713;"24"
1714;"16"
1714;"26"
1715;"15"
1715;"25"
1716;"12"
1716;"12"
1716;"13"
1716;"15"
1716;"24"
1717;"13"
1717;"23"
1718;"13"
1718;"15"
1718;"21"
1718;"23"
1718;"25"
1719;"13"
1719;"15"
1719;"23"
1720;"15"
1720;"25"
1721;"14"
1721;"22"
1721;"22"
1721;"24"
1722;"13"
1722;"14"
1722;"23"
1722;"24"
1723;"12"
1723;"12"
1723;"13"
1723;"21"
1723;"24"
1724;"12"
1724;"12"
1724;"14"
1724;"24"
1725;"12"
1725;"24"
1726;"13"
1726;"23"
1726;"25"
1727;"15"
1727;"23"
1727;"25"
1728;"22"
1728;"24"
1729;"15"
1729;"22"
1729;"23"
1729;"23"
1729;"24"
1730;"26"
1731;"26"
1732;"22"
1733;"23"
1734;"21"
1734;"24"
1734;"26"
1735;"12"
1735;"14"
1735;"22"
1735;"24"
1736;"15"
1736;"22"
1736;"22"
1736;"23"
1736;"24"
1737;"13"
1737;"22"
1737;"22"
1737;"23"
1737;"24"
1738;"25"
1739;"13"
1739;"21"
1739;"23"
1740;"25"
1740;"26"
1741;"22"
1741;"22"
1741;"23"
1742;"13"
1742;"26"
1743;"22"
1743;"26"
1744;"13"
1744;"23"
1745;"13"
1745;"23"
1746;"12"
1746;"15"
1746;"22"
1746;"25"
1747;"14"
1747;"23"
1747;"24"
1748;"11"
1748;"13"
1748;"23"
1749;"11"
1749;"11"
1749;"13"
1749;"23"
1750;"13"
1750;"15"
1750;"23"
1750;"23"
1750;"25"
1751;"26"
1752;"14"
1752;"21"
1752;"22"
1752;"23"
1753;"16"
1753;"26"
1754;"14"
1754;"24"
1755;"11"
1755;"11"
1755;"13"
1755;"23"
1756;"11"
1756;"13"
1756;"21"
1756;"23"
1757;"11"
1757;"11"
1757;"13"
1757;"23"
1758;"13"
1758;"13"
1758;"14"
1758;"24"
1759;"11"
1759;"13"
1759;"23"
1760;"15"
1761;"14"
1761;"24"
1762;"12"
1762;"13"
1762;"23"
1762;"24"
1763;"16"
1764;"25"
1765;"16"
1766;"11"
1766;"14"
1766;"23"
1766;"23"
1766;"24"
1767;"13"
1767;"15"
1767;"24"
1767;"26"
1768;"13"
1768;"24"
1769;"12"
1769;"13"
1769;"21"
1769;"22"
1769;"23"
1770;"15"
1770;"26"
1771;"15"
1771;"16"
1771;"26"
1772;"14"
1773;"23"
1773;"24"
1773;"25"
1774;"15"
1774;"16"
1774;"25"
1774;"26"
1775;"11"
1775;"13"
1775;"21"
1775;"22"
1775;"23"
1776;"15"
1776;"25"
1777;"16"
1777;"26"
1778;"13"
1778;"14"
1778;"25"
1779;"26"
1780;"11"
1780;"13"
1780;"21"
1780;"23"
1781;"11"
1781;"11"
1781;"13"
1781;"23"
1782;"14"
1782;"16"
1782;"26"
1783;"13"
1783;"21"
1783;"21"
1783;"23"
1784;"16"
1784;"26"
1785;"13"
1785;"15"
1785;"25"
1785;"26"
1786;"11"
1786;"11"
1786;"13"
1786;"23"
1787;"14"
1788;"26"
1789;"14"
1789;"26"
1790;"26"
1791;"11"
1791;"13"
1791;"21"
1791;"23"
1792;"16"
1792;"26"
1793;"11"
1793;"11"
1793;"13"
1793;"23"
1793;"26"
1794;"13"
1794;"16"
1794;"22"
1794;"23"
1794;"26"
1795;"26"
1796;"26"
1797;"24"
1798;"13"
1798;"16"
1798;"26"
1799;"13"
1800;"13"
1800;"23"
1801;"26"
1802;"11"
1802;"14"
1802;"22"
1802;"22"
1802;"23"
1803;"13"
1803;"14"
1803;"15"
1803;"25"
1804;"12"
1804;"12"
1804;"14"
1804;"24"
1805;"13"
1805;"14"
1805;"24"
1806;"12"
1806;"14"
1806;"24"
1807;"14"
1807;"23"
1808;"15"
1808;"26"
1809;"11"
1809;"21"
1809;"24"
1810;"25"
1811;"12"
1811;"13"
1811;"21"
1811;"23"
1812;"13"
1812;"15"
1812;"21"
1812;"23"
1812;"25"
1813;"11"
1813;"13"
1813;"21"
1813;"22"
1814;"14"
1814;"26"
1815;"16"
1815;"25"
1816;"15"
1816;"22"
1816;"24"
1817;"11"
1817;"11"
1817;"13"
1817;"23"
1818;"12"
1818;"22"
1818;"24"
1819;"12"
1819;"13"
1819;"22"
1819;"23"
1820;"12"
1820;"12"
1820;"14"
1820;"16"
1820;"24"
1821;"22"
1821;"23"
1822;"22"
1822;"22"
1822;"24"
1823;"16"
1823;"24"
1824;"13"
1824;"22"
1824;"23"
1825;"13"
1825;"23"
1826;"15"
1826;"25"
1827;"12"
1827;"14"
1827;"24"
1828;"11"
1828;"11"
1828;"13"
1828;"23"
1829;"11"
1829;"13"
1829;"21"
1829;"23"
1830;"12"
1830;"22"
1830;"24"
1831;"16"
1831;"25"
1832;"12"
1832;"13"
1832;"23"
1833;"25"
1834;"25"
1835;"15"
1835;"25"
1836;"13"
1836;"16"
1836;"23"
1836;"26"
1837;"12"
1837;"14"
1837;"22"
1837;"23"
1837;"24"
1838;"15"
1838;"24"
1839;"12"
1839;"25"
1840;"16"
1840;"26"
1841;"15"
1841;"25"
1842;"11"
1842;"14"
1842;"21"
1842;"24"
1843;"13"
1843;"13"
1843;"16"
1843;"25"
1844;"15"
1845;"13"
1845;"24"
1845;"26"
1846;"11"
1846;"13"
1846;"21"
1846;"23"
1847;"13"
1847;"13"
1847;"15"
1847;"25"
1848;"13"
1848;"25"
1849;"15"
1849;"25"
1850;"12"
1850;"12"
1850;"15"
1850;"24"
1851;"12"
1851;"16"
1851;"23"
1851;"26"
1852;"11"
1852;"12"
1852;"13"
1852;"22"
1852;"23"
1853;"23"
1854;"15"
1854;"26"
1855;"13"
1855;"21"
1855;"22"
1855;"23"
1855;"25"
1856;"16"
1856;"26"
1857;"13"
1857;"21"
1857;"23"
1858;"26"
1859;"22"
1859;"23"
1860;"13"
1860;"15"
1860;"25"
1861;"16"
1861;"25"
1862;"12"
1862;"13"
1862;"23"
1863;"11"
1863;"11"
1863;"13"
1863;"23"
1864;"11"
1864;"13"
1864;"21"
1864;"23"
1865;"12"
1865;"13"
1865;"22"
1865;"23"
1866;"26"
1867;"13"
1867;"14"
1867;"23"
1867;"24"
1868;"15"
1868;"25"
1869;"12"
1869;"12"
1869;"14"
1869;"24"
1870;"12"
1870;"14"
1870;"22"
1870;"24"
1871;"24"
1872;"13"
1872;"23"
1873;"13"
1873;"22"
1874;"14"
1874;"22"
1874;"22"
1874;"22"
1874;"24"
1875;"13"
1875;"23"
1876;"13"
1876;"14"
1876;"22"
1876;"23"
1876;"24"
1877;"12"
1877;"14"
1877;"23"
1878;"12"
1878;"14"
1878;"22"
1878;"24"
1879;"11"
1879;"11"
1879;"13"
1879;"23"
1880;"23"
1881;"26"
1882;"12"
1882;"22"
1882;"23"
1883;"23"
1884;"11"
1884;"11"
1884;"12"
1884;"13"
1884;"23"
1885;"11"
1885;"14"
1885;"21"
1885;"23"
1886;"14"
1886;"16"
1886;"26"
1887;"26"
1888;"16"
1888;"26"
1889;"11"
1889;"11"
1889;"13"
1889;"23"
1890;"11"
1890;"21"
1890;"21"
1890;"23"
1890;"26"
1891;"12"
1891;"12"
1891;"13"
1891;"15"
1891;"24"
1892;"12"
1892;"13"
1892;"22"
1892;"23"
1893;"13"
1893;"23"
1893;"26"
1894;"16"
1895;"26"
1896;"26"
1897;"11"
1897;"13"
1897;"23"
1898;"26"
1899;"15"
1899;"24"
1900;"13"
1900;"21"
1900;"23"
1901;"26"
1902;"15"
1902;"25"
1903;"16"
1903;"26"
1904;"12"
1904;"22"
1904;"23"
1905;"13"
1905;"14"
1905;"15"
1905;"24"
1905;"26"
1906;"15"
1906;"23"
1906;"24"
1907;"14"
1907;"22"
1907;"24"
1907;"25"
1908;"14"
1908;"24"
1908;"26"
1909;"25"
1910;"13"
1910;"15"
1910;"25"
1911;"12"
1911;"14"
1911;"22"
1911;"22"
1911;"23"
1912;"11"
1912;"21"
1912;"23"
1912;"26"
1913;"11"
1913;"15"
1913;"26"
1914;"23"
1915;"15"
1915;"25"
1916;"13"
1916;"21"
1916;"23"
1917;"24"
1917;"26"
1918;"15"
1918;"23"
1918;"24"
1919;"26"
1920;"13"
1920;"14"
1920;"23"
1921;"16"
1922;"12"
1922;"13"
1922;"15"
1922;"23"
1922;"24"
1923;"26"
1924;"12"
1924;"15"
1924;"25"
1925;"26"
1926;"26"
1927;"26"
1928;"12"
1928;"24"
1929;"12"
1929;"13"
1929;"26"
1930;"12"
1930;"12"
1930;"13"
1930;"14"
1930;"23"
1931;"12"
1931;"14"
1931;"21"
1931;"22"
1931;"23"
1932;"14"
1932;"24"
1933;"13"
1933;"21"
1933;"22"
1933;"23"
1934;"12"
1934;"13"
1934;"14"
1934;"24"
1935;"13"
1935;"22"
1935;"23"
1936;"13"
1936;"15"
1936;"23"
1936;"25"
1937;"25"
1938;"23"
1939;"11"
1939;"11"
1939;"13"
1939;"22"
1940;"13"
1940;"21"
1940;"23"
1941;"12"
1941;"23"
1942;"13"
1942;"21"
1942;"23"
1943;"16"
1943;"26"
1944;"16"
1944;"25"
1945;"25"
1946;"13"
1946;"22"
1946;"23"
1947;"12"
1947;"13"
1947;"22"
1947;"23"
1948;"14"
1948;"16"
1948;"26"
1949;"25"
1950;"11"
1950;"23"
1951;"25"
1952;"14"
1952;"24"
1953;"13"
1954;"12"
1954;"21"
1954;"23"
1955;"23"
1955;"24"
1956;"11"
1956;"13"
1956;"21"
1956;"23"
1957;"16"
1957;"26"
1958;"16"
1958;"26"
1959;"13"
1959;"15"
1959;"24"
1960;"11"
1960;"11"
1960;"13"
1960;"23"
1961;"13"
1961;"15"
1961;"23"
1961;"25"
1962;"11"
1962;"11"
1962;"13"
1962;"23"
1963;"11"
1963;"13"
1963;"21"
1963;"23"
1964;"13"
1964;"21"
1964;"22"
1964;"23"
1965;"11"
1965;"13"
1965;"23"
1966;"12"
1966;"14"
1966;"23"
1967;"15"
1967;"24"
1968;"12"
1968;"23"
1969;"12"
1969;"24"
1970;"13"
1970;"22"
1970;"23"
1971;"12"
1971;"12"
1971;"13"
1971;"23"
1972;"12"
1972;"22"
1972;"23"
1973;"12"
1973;"23"
1974;"13"
1974;"21"
1974;"22"
1974;"23"
1975;"12"
1975;"13"
1975;"22"
1975;"22"
1975;"23"
1976;"12"
1976;"13"
1976;"22"
1976;"24"
1977;"12"
1977;"13"
1977;"16"
1977;"23"
1977;"25"
1978;"12"
1978;"12"
1978;"14"
1978;"24"
1979;"12"
1979;"14"
1979;"23"
1980;"26"
1981;"26"
1982;"15"
1982;"25"
1983;"12"
1983;"12"
1983;"15"
1983;"25"
1984;"23"
1985;"24"
1986;"26"
1987;"21"
1987;"24"
1988;"22"
1988;"23"
1989;"12"
1989;"16"
1989;"22"
1989;"24"
1990;"13"
1990;"23"
1991;"12"
1991;"12"
1991;"14"
1991;"23"
1991;"24"
1992;"12"
1992;"12"
1992;"14"
1992;"24"
1992;"26"
1993;"11"
1993;"22"
1993;"23"
1994;"12"
1994;"22"
1994;"22"
1994;"22"
1994;"24"
1995;"12"
1995;"14"
1996;"12"
1996;"22"
1997;"12"
1997;"22"
1997;"22"
1997;"23"
1998;"11"
1998;"11"
1998;"14"
1998;"22"
1998;"23"
1999;"13"
1999;"16"
1999;"22"
1999;"23"
1999;"26"
2000;"26"
2001;"16"
2001;"26"
2002;"14"
2003;"13"
2003;"22"
2003;"24"
2004;"14"
2004;"24"
2005;"26"
2006;"24"
2007;"15"
2007;"23"
2008;"12"
2008;"14"
2008;"22"
2008;"22"
2008;"24"
2009;"12"
2009;"24"
2010;"13"
2010;"21"
2010;"22"
2010;"23"
2011;"14"
2012;"26"
2013;"26"
2014;"23"
2014;"26"
2015;"13"
2015;"16"
2015;"21"
2015;"23"
2015;"26"
2016;"25"
2017;"13"
2017;"23"
2017;"26"
2018;"11"
2018;"14"
2018;"23"
2018;"24"
2019;"15"
2019;"25"
2020;"16"
2020;"26"
2021;"16"
2022;"11"
2022;"13"
2022;"23"
2023;"26"
2024;"26"
2025;"11"
2025;"13"
2025;"21"
2025;"23"
2026;"15"
2026;"25"
2027;"23"
2027;"25"
2028;"11"
2028;"13"
2028;"23"
2029;"26"
2030;"26"
2031;"12"
2031;"23"
2032;"26"
2033;"12"
2033;"14"
2033;"22"
2033;"22"
2033;"24"
2034;"26"
2035;"12"
2035;"14"
2035;"22"
2035;"24"
2036;"13"
2036;"16"
2036;"26"
2037;"14"
2037;"26"
2038;"15"
2038;"25"
2038;"26"
2039;"15"
2039;"24"
2040;"13"
2040;"26"
2041;"26"
2042;"26"
2043;"26"
2044;"15"
2044;"25"
2045;"16"
2045;"25"
2046;"22"
2046;"24"
2047;"12"
2047;"14"
2047;"24"
2048;"12"
2048;"13"
2048;"15"
2048;"25"
2049;"12"
2049;"13"
2049;"22"
2049;"24"
2050;"12"
2050;"14"
2050;"22"
2050;"24"
2051;"12"
2051;"13"
2051;"21"
2051;"23"
2052;"14"
2052;"24"
2053;"14"
2053;"24"
2054;"14"
2054;"22"
2054;"22"
2054;"22"
2054;"24"
2055;"12"
2055;"12"
2055;"16"
2055;"24"
2055;"25"
2056;"15"
2056;"25"
2057;"13"
2058;"14"
2058;"22"
2058;"24"
2059;"13"
2059;"13"
2059;"14"
2059;"23"
2059;"24"
2060;"15"
2060;"25"
2061;"12"
2061;"25"
2062;"26"
2063;"12"
2063;"14"
2063;"21"
2063;"24"
2063;"26"
2064;"13"
2064;"14"
2064;"24"
2065;"12"
2065;"14"
2065;"23"
2065;"24"
2066;"26"
2067;"12"
2067;"22"
2067;"23"
2068;"12"
2068;"12"
2068;"12"
2068;"13"
2068;"24"
2069;"12"
2070;"12"
2070;"25"
2071;"12"
2071;"12"
2071;"14"
2071;"23"
2071;"24"
2072;"15"
2072;"16"
2073;"13"
2073;"21"
2073;"22"
2074;"11"
2074;"14"
2074;"21"
2074;"22"
2074;"23"
2075;"12"
2075;"12"
2075;"14"
2075;"22"
2075;"23"
2076;"12"
2076;"12"
2076;"15"
2076;"25"
2077;"13"
2077;"22"
2077;"24"
2078;"12"
2078;"14"
2078;"24"
2079;"15"
2079;"25"
2080;"15"
2080;"25"
2081;"25"
2082;"15"
2083;"12"
2083;"14"
2083;"24"
2084;"25"
2085;"26"
2086;"14"
2086;"22"
2086;"24"
2087;"12"
2087;"13"
2087;"22"
2087;"23"
2088;"11"
2088;"13"
2088;"21"
2088;"23"
2089;"15"
2089;"25"
2090;"16"
2091;"26"
2092;"15"
2092;"25"
2093;"16"
2093;"25"
2094;"24"
2095;"13"
2095;"21"
2095;"23"
2096;"12"
2096;"13"
2096;"22"
2096;"23"
2097;"14"
2097;"22"
2097;"23"
2098;"12"
2098;"14"
2098;"21"
2098;"23"
2099;"14"
2099;"21"
2099;"22"
2099;"23"
2100;"13"
2100;"14"
2100;"21"
2100;"24"
2101;"12"
2101;"12"
2101;"24"
2102;"15"
2102;"25"
2103;"14"
2103;"22"
2103;"22"
2103;"24"
2104;"25"
2105;"15"
2105;"24"
2106;"15"
2106;"25"
2107;"13"
2107;"23"
2108;"13"
2108;"21"
2108;"22"
2108;"23"
2109;"25"
2110;"22"
2110;"23"
2111;"14"
2111;"22"
2111;"23"
2112;"12"
2112;"14"
2112;"22"
2112;"23"
2113;"11"
2113;"13"
2113;"14"
2113;"23"
2113;"24"
2114;"12"
2114;"12"
2114;"12"
2114;"14"
2114;"24"
2115;"12"
2115;"13"
2115;"13"
2115;"14"
2115;"25"
2116;"13"
2116;"21"
2116;"23"
2117;"13"
2117;"21"
2117;"23"
2118;"23"
2119;"24"
2120;"11"
2120;"13"
2120;"21"
2120;"21"
2120;"23"
2121;"13"
2121;"21"
2121;"23"
2122;"14"
2122;"22"
2122;"24"
2123;"13"
2123;"14"
2123;"23"
2123;"24"
2124;"24"
2125;"14"
2125;"24"
2126;"12"
2126;"14"
2126;"24"
2127;"25"
2128;"15"
2128;"23"
2128;"24"
2129;"12"
2129;"14"
2129;"24"
2130;"11"
2130;"11"
2130;"12"
2130;"13"
2130;"23"
2131;"26"
2132;"13"
2132;"23"
2133;"12"
2133;"15"
2133;"25"
2134;"13"
2134;"22"
2134;"22"
2134;"23"
2135;"16"
2136;"13"
2136;"22"
2136;"24"
2136;"26"
2137;"12"
2137;"12"
2137;"14"
2137;"24"
2138;"12"
2138;"14"
2138;"22"
2138;"24"
2139;"16"
2140;"15"
2140;"25"
2141;"12"
2141;"22"
2141;"24"
2142;"14"
2142;"26"
2143;"13"
2143;"25"
2144;"16"
2144;"26"
2145;"13"
2145;"14"
2145;"24"
2146;"11"
2146;"13"
2146;"15"
2146;"23"
2146;"25"
2147;"26"
2148;"12"
2148;"14"
2148;"22"
2148;"24"
2149;"14"
2149;"25"
2150;"26"
2151;"16"
2152;"11"
2152;"24"
2152;"26"
2153;"14"
2153;"22"
2153;"24"
2153;"26"
2154;"13"
2154;"24"
2155;"11"
2155;"13"
2155;"23"
2156;"26"
2157;"15"
2157;"25"
2158;"13"
2158;"21"
2158;"21"
2158;"23"
2159;"23"
2159;"25"
2160;"14"
2160;"22"
2160;"22"
2160;"23"
2161;"12"
2161;"12"
2161;"24"
2161;"26"
2162;"25"
2163;"26"
2164;"16"
2164;"26"
2165;"16"
2166;"13"
2166;"15"
2166;"25"
2167;"12"
2167;"13"
2167;"15"
2167;"24"
2168;"13"
2168;"21"
2168;"23"
2169;"11"
2169;"14"
2169;"22"
2169;"24"
2170;"13"
2170;"22"
2170;"22"
2170;"23"
2170;"26"
2171;"15"
2171;"24"
2172;"13"
2172;"21"
2172;"23"
2173;"15"
2173;"23"
2173;"24"
2174;"12"
2174;"14"
2174;"23"
2174;"24"
2175;"13"
2176;"12"
2176;"15"
2176;"24"
2177;"13"
2177;"21"
2177;"21"
2177;"23"
2178;"12"
2178;"13"
2178;"14"
2178;"24"
2179;"16"
2179;"26"
2180;"26"
2181;"12"
2181;"14"
2181;"24"
2182;"11"
2182;"13"
2182;"23"
2183;"12"
2183;"14"
2183;"25"
2183;"26"
2184;"26"
2185;"15"
2185;"25"
2186;"25"
2187;"26"
2188;"15"
2188;"24"
2189;"12"
2189;"14"
2189;"24"
2189;"26"
2190;"26"
2191;"25"
2192;"13"
2192;"16"
2192;"25"
2193;"14"
2193;"22"
2193;"22"
2193;"23"
2194;"13"
2194;"15"
2194;"22"
2194;"23"
2194;"25"
2195;"11"
2195;"23"
2196;"26"
2197;"11"
2197;"13"
2197;"22"
2197;"23"
2198;"13"
2198;"21"
2198;"21"
2198;"23"
2199;"14"
2200;"26"
2201;"16"
2201;"25"
2202;"26"
2203;"15"
2203;"16"
2204;"14"
2204;"22"
2204;"24"
2205;"15"
2205;"22"
2205;"23"
2205;"25"
2206;"26"
2207;"26"
2208;"15"
2208;"24"
2209;"24"
2209;"26"
2210;"14"
2210;"16"
2210;"22"
2210;"24"
2210;"26"
2211;"16"
2211;"23"
2211;"25"
2212;"11"
2212;"12"
2212;"13"
2212;"23"
2213;"15"
2213;"22"
2213;"23"
2214;"26"
2215;"15"
2215;"25"
2216;"13"
2216;"15"
2216;"22"
2216;"24"
2217;"11"
2217;"13"
2217;"21"
2217;"21"
2217;"23"
2218;"13"
2218;"21"
2218;"23"
2219;"22"
2219;"24"
2219;"26"
2220;"16"
2221;"15"
2221;"25"
2222;"15"
2222;"25"
2223;"12"
2223;"14"
2223;"24"
2224;"14"
2224;"15"
2224;"26"
2225;"13"
2225;"21"
2225;"21"
2225;"23"
2226;"12"
2226;"13"
2226;"22"
2226;"23"
2226;"25"
2227;"24"
2227;"26"
2228;"26"
2229;"26"
2230;"26"
2231;"15"
2231;"25"
2232;"12"
2232;"14"
2232;"23"
2233;"13"
2233;"13"
2233;"14"
2233;"24"
2234;"26"
2235;"11"
2235;"14"
2235;"23"
2236;"26"
2237;"26"
2238;"15"
2238;"25"
2239;"12"
2239;"12"
2239;"13"
2239;"23"
2240;"13"
2240;"22"
2240;"22"
2240;"23"
2241;"15"
2241;"25"
2242;"16"
2242;"26"
2243;"11"
2243;"13"
2243;"23"
2244;"13"
2245;"22"
2245;"24"
2246;"12"
2246;"14"
2246;"24"
2247;"23"
2247;"23"
2247;"24"
2248;"13"
2248;"14"
2248;"23"
2248;"24"
2249;"12"
2249;"14"
2249;"23"
2249;"24"
2250;"15"
2250;"25"
2251;"26"
2252;"13"
2252;"22"
2252;"23"
2253;"12"
2253;"13"
2253;"21"
2253;"23"
2253;"26"
2254;"26"
2255;"13"
2255;"21"
2255;"23"
2256;"26"
2257;"11"
2257;"13"
2257;"23"
2258;"13"
2258;"23"
2259;"16"
2260;"26"
2261;"12"
2261;"14"
2261;"24"
2262;"25"
2263;"26"
2264;"13"
2265;"15"
2265;"25"
2266;"15"
2266;"25"
2267;"16"
2267;"24"
2267;"26"
2268;"12"
2268;"15"
2268;"24"
2269;"11"
2269;"12"
2269;"13"
2269;"23"
2270;"23"
2270;"24"
2271;"13"
2271;"21"
2271;"23"
2272;"11"
2272;"13"
2272;"23"
2273;"11"
2273;"15"
2273;"23"
2273;"25"
2273;"26"
2274;"11"
2274;"11"
2274;"13"
2274;"23"
2275;"13"
2276;"16"
2276;"25"
2277;"26"
2278;"26"
2279;"16"
2279;"26"
2280;"12"
2280;"14"
2280;"23"
2281;"14"
2281;"23"
2281;"23"
2281;"24"
2282;"26"
2283;"14"
2283;"26"
2284;"12"
2284;"12"
2284;"16"
2284;"26"
2285;"16"
2285;"25"
2286;"13"
2286;"15"
2286;"25"
2287;"25"
2288;"12"
2288;"25"
2289;"12"
2289;"13"
2289;"21"
2289;"23"
2290;"12"
2290;"12"
2290;"14"
2290;"24"
2291;"11"
2291;"15"
2291;"22"
2291;"23"
2291;"25"
2292;"26"
2293;"25"
2294;"12"
2294;"24"
2295;"16"
2295;"26"
2296;"16"
2296;"25"
2297;"13"
2297;"14"
2297;"24"
2298;"26"
2299;"13"
2299;"15"
2299;"16"
2299;"25"
2300;"12"
2300;"14"
2300;"22"
2300;"24"
2301;"12"
2301;"12"
2301;"24"
2302;"16"
2303;"25"
2304;"26"
2305;"13"
2305;"25"
2306;"23"
2306;"26"
2307;"16"
2307;"23"
2307;"25"
2308;"12"
2308;"14"
2308;"21"
2308;"23"
2309;"11"
2309;"13"
2309;"22"
2309;"22"
2309;"23"
2310;"14"
2310;"21"
2310;"22"
2310;"22"
2310;"24"
2311;"24"
2312;"13"
2312;"23"
2313;"14"
2313;"15"
2313;"24"
2313;"26"
2314;"25"
2315;"26"
2316;"14"
2316;"24"
2317;"12"
2317;"14"
2317;"23"
2318;"14"
2318;"23"
2318;"24"
2319;"12"
2319;"13"
2319;"15"
2319;"25"
2320;"25"
2321;"25"
2322;"16"
2322;"26"
2323;"12"
2323;"15"
2323;"23"
2324;"13"
2324;"21"
2324;"23"
2325;"13"
2325;"21"
2325;"21"
2325;"23"
2326;"11"
2326;"11"
2326;"13"
2326;"23"
2327;"26"
2328;"11"
2328;"14"
2328;"22"
2328;"24"
2329;"15"
2330;"16"
2330;"26"
2331;"13"
2331;"16"
2331;"25"
2332;"11"
2332;"13"
2332;"22"
2332;"23"
2333;"26"
2334;"26"
2335;"16"
2335;"26"
2336;"13"
2336;"23"
2336;"25"
2337;"12"
2337;"14"
2337;"22"
2337;"23"
2338;"13"
2338;"15"
2338;"21"
2338;"21"
2338;"23"
2339;"26"
2340;"16"
2340;"26"
2341;"13"
2341;"14"
2341;"24"
2342;"11"
2342;"13"
2342;"21"
2342;"22"
2342;"23"
2343;"26"
2344;"15"
2344;"16"
2345;"11"
2345;"12"
2345;"14"
2345;"24"
2346;"25"
2347;"16"
2347;"25"
2348;"13"
2348;"22"
2348;"23"
2349;"12"
2349;"14"
2349;"23"
2349;"24"
2350;"12"
2350;"14"
2350;"23"
2350;"24"
2351;"14"
2351;"16"
2351;"22"
2351;"24"
2352;"25"
2353;"13"
2353;"21"
2353;"21"
2353;"22"
2353;"23"
2354;"12"
2354;"13"
2354;"21"
2354;"23"
2355;"13"
2355;"15"
2355;"24"
2355;"26"
2356;"25"
2357;"15"
2357;"26"
2358;"13"
2358;"16"
2358;"25"
2359;"11"
2359;"13"
2359;"21"
2359;"23"
2360;"14"
2360;"22"
2360;"22"
2360;"22"
2360;"23"
2361;"13"
2361;"26"
2362;"14"
2363;"16"
2363;"23"
2363;"25"
2364;"12"
2364;"14"
2364;"22"
2364;"23"
2365;"16"
2366;"25"
2367;"11"
2367;"12"
2367;"12"
2367;"13"
2367;"23"
2368;"16"
2368;"25"
2369;"24"
2370;"15"
2370;"25"
2371;"11"
2371;"23"
2371;"25"
2372;"11"
2372;"23"
2372;"24"
2373;"25"
2374;"26"
2375;"14"
2375;"24"
2376;"15"
2376;"25"
2377;"13"
2377;"14"
2377;"24"
2378;"12"
2378;"14"
2378;"24"
2379;"12"
2379;"12"
2379;"23"
2380;"16"
2380;"21"
2380;"23"
2380;"25"
2381;"12"
2381;"12"
2381;"14"
2381;"24"
2382;"21"
2382;"21"
2382;"23"
2382;"24"
2383;"26"
2384;"23"
2385;"13"
2386;"22"
2386;"24"
2387;"24"
2388;"13"
2388;"21"
2388;"23"
2389;"26"
2390;"12"
2390;"24"
2391;"14"
2391;"15"
2391;"25"
2392;"22"
2392;"23"
2393;"13"
2393;"14"
2393;"24"
2394;"25"
2395;"26"
2396;"13"
2396;"21"
2396;"23"
2397;"15"
2397;"24"
2398;"13"
2399;"24"
2400;"15"
2400;"25"
2401;"12"
2401;"23"
2402;"15"
2402;"23"
2402;"24"
2403;"12"
2403;"14"
2403;"24"
2404;"16"
2404;"25"
2405;"13"
2405;"16"
2405;"25"
2406;"12"
2406;"13"
2406;"24"
2407;"11"
2407;"14"
2407;"22"
2407;"23"
2408;"13"
2408;"21"
2408;"21"
2408;"23"
2409;"11"
2409;"11"
2409;"13"
2409;"23"
2410;"25"
2411;"14"
2411;"24"
2412;"13"
2413;"26"
2414;"16"
2414;"26"
2415;"13"
2415;"16"
2415;"26"
2416;"12"
2416;"12"
2416;"14"
2416;"24"
2417;"26"
2418;"16"
2419;"22"
2419;"22"
2419;"24"
2420;"16"
2420;"25"
2421;"22"
2421;"23"
2421;"26"
2422;"23"
2423;"13"
2423;"24"
2424;"11"
2424;"13"
2424;"22"
2424;"22"
2424;"23"
2425;"13"
2425;"22"
2425;"22"
2425;"23"
2426;"12"
2426;"13"
2426;"15"
2426;"23"
2426;"25"
2427;"26"
2428;"24"
2429;"14"
2429;"24"
2430;"13"
2430;"15"
2430;"25"
2431;"13"
2431;"14"
2431;"24"
2432;"12"
2432;"13"
2432;"22"
2432;"23"
2433;"13"
2433;"22"
2433;"22"
2433;"22"
2433;"23"
2434;"25"
2435;"16"
2435;"25"
2436;"14"
2436;"24"
2437;"13"
2437;"14"
2437;"23"
2437;"24"
2438;"25"
2439;"12"
2439;"14"
2439;"23"
2440;"12"
2440;"14"
2440;"23"
2440;"24"
2441;"12"
2441;"14"
2441;"22"
2441;"25"
2442;"12"
2442;"14"
2442;"24"
2443;"16"
2443;"26"
2444;"16"
2444;"26"
2445;"12"
2445;"14"
2445;"24"
2446;"11"
2446;"13"
2446;"21"
2446;"23"
2447;"12"
2447;"13"
2447;"14"
2447;"24"
2448;"26"
2449;"11"
2449;"12"
2449;"13"
2449;"23"
2450;"26"
2451;"26"
2452;"16"
2452;"26"
2453;"21"
2453;"24"
2453;"26"
2454;"12"
2454;"12"
2454;"14"
2454;"24"
2455;"25"
2456;"13"
2456;"13"
2456;"23"
2456;"25"
2457;"23"
2458;"13"
2458;"26"
2459;"13"
2459;"21"
2459;"21"
2459;"23"
2460;"13"
2460;"14"
2460;"24"
2461;"11"
2461;"13"
2461;"23"
2462;"26"
2463;"15"
2463;"25"
2464;"16"
2464;"21"
2464;"24"
2465;"13"
2465;"21"
2465;"22"
2465;"23"
2466;"24"
2466;"26"
2467;"14"
2467;"24"
2468;"12"
2468;"14"
2468;"23"
2469;"11"
2469;"13"
2469;"22"
2469;"23"
2470;"12"
2470;"13"
2470;"21"
2470;"21"
2470;"23"
2471;"26"
2472;"26"
2473;"26"
2474;"15"
2474;"25"
2475;"16"
2475;"25"
2476;"13"
2476;"21"
2476;"23"
2477;"12"
2477;"14"
2477;"23"
2478;"11"
2478;"13"
2478;"21"
2478;"23"
2479;"25"
2480;"15"
2480;"25"
2481;"12"
2481;"14"
2481;"22"
2481;"24"
2482;"26"
2483;"15"
2483;"24"
2484;"26"
2485;"16"
2485;"26"
2486;"13"
2486;"14"
2486;"22"
2486;"24"
2487;"11"
2487;"13"
2487;"16"
2487;"21"
2487;"23"
2488;"25"
2489;"12"
2489;"13"
2489;"22"
2489;"23"
2490;"12"
2490;"26"
2491;"14"
2491;"21"
2491;"22"
2491;"23"
2492;"13"
2493;"24"
2493;"26"
2494;"25"
2495;"12"
2495;"14"
2495;"23"
2496;"14"
2496;"22"
2496;"23"
2497;"12"
2497;"12"
2497;"13"
2497;"23"
2498;"16"
2498;"26"
2499;"16"
2499;"26"
2500;"14"
2501;"25"
2502;"15"
2502;"22"
2502;"23"
2502;"24"
2503;"12"
2503;"13"
2503;"15"
2503;"21"
2503;"24"
2504;"12"
2504;"14"
2504;"22"
2504;"24"
2505;"13"
2505;"14"
2505;"16"
2505;"24"
2505;"26"
2506;"15"
2506;"25"
2507;"14"
2507;"16"
2507;"26"
2508;"26"
2509;"15"
2509;"25"
2510;"13"
2510;"15"
2510;"23"
2510;"25"
2511;"12"
2511;"15"
2511;"23"
2511;"24"
2511;"26"
2512;"13"
2512;"23"
2513;"12"
2513;"24"
2514;"11"
2514;"13"
2514;"23"
2515;"11"
2515;"13"
2515;"21"
2515;"23"
2516;"25"
2517;"13"
2517;"22"
2518;"14"
2518;"22"
2518;"22"
2518;"24"
2519;"24"
2520;"11"
2520;"11"
2520;"12"
2520;"14"
2520;"23"
2521;"12"
2521;"12"
2521;"14"
2521;"25"
2522;"26"
2523;"14"
2523;"25"
2524;"21"
2524;"23"
2524;"23"
2524;"25"
2525;"15"
2526;"16"
2526;"26"
2527;"12"
2527;"14"
2527;"24"
2528;"11"
2528;"12"
2528;"13"
2528;"22"
2528;"23"
2529;"26"
2530;"26"
2531;"14"
2532;"13"
2532;"25"
2533;"11"
2533;"23"
2534;"13"
2534;"26"
2535;"11"
2535;"13"
2535;"23"
2536;"12"
2536;"22"
2536;"24"
2537;"13"
2537;"22"
2537;"23"
2538;"26"
2539;"26"
2540;"15"
2540;"25"
2541;"23"
2541;"26"
2542;"12"
2542;"13"
2542;"23"
2543;"12"
2543;"22"
2543;"23"
2544;"12"
2544;"13"
2544;"21"
2544;"23"
2545;"13"
2545;"22"
2545;"22"
2545;"23"
2546;"12"
2546;"16"
2546;"24"
2546;"26"
2547;"12"
2547;"13"
2547;"22"
2547;"23"
2548;"26"
2549;"15"
2549;"25"
2550;"15"
2551;"15"
2552;"15"
2552;"25"
2553;"13"
2553;"21"
2553;"23"
2554;"13"
2554;"16"
2554;"26"
2555;"11"
2555;"13"
2555;"21"
2555;"23"
2556;"11"
2556;"13"
2556;"22"
2556;"22"
2557;"11"
2557;"12"
2557;"14"
2557;"22"
2557;"23"
2558;"26"
2559;"11"
2559;"23"
2560;"11"
2560;"13"
2560;"23"
2561;"14"
2561;"22"
2561;"24"
2562;"13"
2562;"22"
2562;"23"
2562;"26"
2563;"15"
2564;"13"
2564;"26"
2565;"14"
2565;"24"
2566;"12"
2566;"22"
2566;"24"
2567;"12"
2567;"12"
2567;"14"
2567;"24"
2568;"22"
2568;"22"
2568;"24"
2569;"13"
2569;"21"
2569;"22"
2569;"23"
2570;"26"
2571;"16"
2571;"26"
2572;"15"
2572;"24"
2573;"14"
2573;"22"
2573;"23"
2573;"23"
2573;"24"
2574;"25"
2575;"15"
2575;"25"
2576;"26"
2577;"13"
2577;"21"
2577;"23"
2578;"11"
2578;"13"
2578;"21"
2578;"23"
2579;"16"
2579;"26"
2580;"22"
2580;"23"
2580;"24"
2581;"12"
2581;"12"
2581;"13"
2581;"23"
2582;"16"
2582;"26"
2583;"16"
2583;"23"
2583;"25"
2584;"14"
2584;"22"
2584;"22"
2584;"24"
2585;"15"
2586;"13"
2586;"25"
2587;"12"
2587;"13"
2587;"14"
2588;"25"
2589;"15"
2590;"15"
2590;"25"
2591;"13"
2591;"23"
2592;"26"
2593;"14"
2593;"24"
2594;"13"
2594;"14"
2594;"24"
2595;"12"
2595;"13"
2595;"21"
2595;"23"
2596;"11"
2596;"11"
2596;"13"
2596;"23"
2596;"24"
2597;"13"
2597;"16"
2597;"25"
2598;"26"
2599;"15"
2599;"25"
2600;"13"
2600;"21"
2600;"23"
2601;"11"
2601;"11"
2601;"13"
2601;"16"
2601;"23"
2602;"11"
2602;"12"
2602;"21"
2602;"22"
2603;"26"
2604;"26"
2605;"23"
2605;"24"
2606;"22"
2606;"24"
2606;"25"
2607;"24"
2608;"23"
2608;"24"
2609;"14"
2609;"24"
2610;"12"
2610;"13"
2610;"24"
2611;"12"
2611;"12"
2611;"13"
2611;"23"
2612;"11"
2612;"12"
2612;"13"
2612;"23"
2613;"12"
2613;"14"
2613;"22"
2613;"24"
2614;"12"
2614;"13"
2614;"22"
2614;"23"
2615;"11"
2615;"15"
2615;"22"
2615;"24"
2616;"12"
2616;"12"
2616;"15"
2616;"25"
2617;"11"
2617;"13"
2617;"22"
2617;"23"
2618;"23"
2619;"23"
2620;"15"
2620;"25"
2621;"13"
2621;"25"
2622;"15"
2622;"23"
2622;"24"
2623;"12"
2623;"15"
2623;"24"
2624;"11"
2624;"13"
2624;"21"
2624;"22"
2624;"23"
2625;"11"
2625;"11"
2625;"12"
2625;"21"
2625;"22"
2626;"11"
2626;"11"
2626;"13"
2626;"21"
2626;"23"
2627;"14"
2627;"24"
2628;"12"
2628;"14"
2628;"24"
2629;"14"
2629;"16"
2629;"23"
2629;"24"
2630;"26"
2631;"15"
2631;"25"
2632;"13"
2632;"16"
2632;"25"
2633;"13"
2633;"15"
2633;"23"
2633;"25"
2633;"26"
2634;"13"
2634;"24"
2635;"14"
2635;"26"
2636;"23"
2636;"23"
2636;"24"
2637;"26"
2638;"14"
2638;"22"
2638;"23"
2639;"14"
2639;"23"
2639;"24"
2640;"12"
2640;"12"
2640;"14"
2640;"24"
2641;"16"
2641;"25"
2642;"13"
2642;"15"
2642;"25"
2643;"26"
2644;"12"
2644;"21"
2644;"23"
2644;"25"
2645;"14"
2645;"22"
2645;"24"
2646;"13"
2646;"16"
2646;"25"
2647;"13"
2647;"16"
2647;"21"
2647;"23"
2647;"26"
2648;"16"
2648;"26"
2649;"15"
2649;"22"
2649;"23"
2649;"25"
2650;"26"
2651;"14"
2651;"26"
2652;"26"
2653;"16"
2653;"25"
2654;"11"
2654;"23"
2654;"25"
2655;"14"
2655;"21"
2655;"23"
2655;"23"
2655;"24"
2656;"26"
2657;"16"
2657;"26"
2658;"16"
2658;"26"
2659;"14"
2659;"22"
2659;"22"
2659;"23"
2660;"13"
2660;"23"
2661;"13"
2661;"13"
2661;"15"
2661;"25"
2662;"12"
2662;"13"
2662;"13"
2662;"15"
2662;"25"
2663;"15"
2663;"25"
2664;"13"
2664;"21"
2664;"23"
2664;"26"
2665;"12"
2665;"15"
2665;"22"
2665;"23"
2665;"24"
2666;"16"
2666;"25"
2667;"15"
2667;"25"
2668;"13"
2668;"15"
2668;"25"
2669;"22"
2669;"22"
2669;"23"
2670;"13"
2670;"15"
2670;"25"
2671;"14"
2671;"21"
2671;"22"
2671;"23"
2672;"12"
2672;"14"
2672;"21"
2672;"22"
2672;"23"
2673;"11"
2673;"13"
2673;"23"
2674;"14"
2674;"23"
2675;"12"
2675;"12"
2675;"14"
2675;"24"
2676;"13"
2676;"23"
2677;"14"
2677;"24"
2678;"13"
2678;"13"
2678;"15"
2678;"25"
2679;"25"
2680;"12"
2680;"13"
2680;"14"
2680;"24"
2681;"26"
2682;"24"
2682;"26"
2683;"23"
2683;"24"
2684;"12"
2684;"12"
2684;"14"
2684;"23"
2684;"26"
2685;"13"
2686;"13"
2686;"22"
2687;"12"
2687;"14"
2687;"22"
2687;"24"
2688;"12"
2688;"13"
2688;"22"
2688;"24"
2689;"16"
2689;"26"
2690;"14"
2690;"16"
2690;"26"
2691;"12"
2691;"12"
2691;"14"
2691;"23"
2691;"26"
2692;"26"
2693;"15"
2693;"25"
2694;"13"
2694;"21"
2694;"21"
2694;"23"
2695;"12"
2695;"13"
2695;"15"
2695;"25"
2696;"15"
2696;"25"
2697;"26"
2698;"11"
2698;"14"
2698;"21"
2698;"23"
2699;"12"
2699;"14"
2699;"22"
2699;"23"
2700;"12"
2700;"14"
2700;"21"
2700;"22"
2700;"23"
2701;"12"
2701;"12"
2701;"14"
2701;"24"
2702;"26"
2703;"12"
2703;"14"
2703;"22"
2703;"24"
2704;"25"
2705;"12"
2705;"13"
2705;"22"
2705;"23"
2706;"16"
2706;"26"
2707;"13"
2707;"15"
2707;"23"
2707;"25"
2708;"11"
2708;"14"
2708;"23"
2709;"12"
2709;"14"
2709;"24"
2710;"12"
2710;"12"
2710;"13"
2710;"14"
2710;"23"
2711;"12"
2711;"14"
2711;"21"
2711;"24"
2712;"16"
2712;"25"
2713;"15"
2713;"22"
2713;"23"
2713;"25"
2714;"13"
2714;"16"
2714;"26"
2715;"13"
2715;"21"
2715;"22"
2715;"23"
2715;"26"
2716;"26"
2717;"13"
2717;"15"
2717;"25"
2718;"13"
2718;"21"
2718;"21"
2718;"23"
2719;"13"
2719;"21"
2719;"21"
2719;"21"
2719;"23"
2720;"15"
2720;"24"
2721;"15"
2721;"24"
2721;"26"
2722;"12"
2722;"12"
2722;"12"
2722;"14"
2722;"23"
2723;"14"
2723;"22"
2723;"24"
2724;"12"
2724;"14"
2724;"22"
2724;"24"
2725;"14"
2725;"26"
2726;"16"
2726;"26"
2727;"12"
2727;"14"
2727;"21"
2727;"23"
2728;"13"
2728;"25"
2729;"13"
2729;"13"
2729;"14"
2729;"22"
2729;"24"
2730;"13"
2731;"26"
2732;"16"
2732;"26"
2733;"15"
2733;"23"
2733;"23"
2733;"25"
2733;"26"
2734;"13"
2735;"22"
2735;"23"
2736;"13"
2736;"23"
2736;"25"
2737;"16"
2737;"24"
2738;"15"
2738;"25"
2738;"26"
2739;"22"
2739;"24"
2740;"13"
2740;"15"
2740;"23"
2740;"24"
2741;"26"
2742;"11"
2742;"12"
2742;"13"
2742;"22"
2742;"23"
2743;"12"
2743;"13"
2743;"24"
2743;"26"
2744;"26"
2745;"16"
2745;"26"
2746;"13"
2746;"21"
2746;"21"
2746;"22"
2747;"14"
2747;"21"
2747;"23"
2747;"24"
2748;"26"
2749;"16"
2749;"26"
2750;"13"
2750;"15"
2750;"22"
2750;"25"
2751;"13"
2751;"26"
2752;"14"
2753;"11"
2753;"11"
2753;"13"
2753;"23"
2754;"11"
2754;"11"
2754;"13"
2754;"23"
2755;"23"
2756;"22"
2756;"24"
2757;"22"
2757;"22"
2757;"23"
2758;"13"
2758;"13"
2758;"16"
2758;"24"
2759;"13"
2759;"14"
2759;"22"
2759;"23"
2759;"24"
2760;"12"
2760;"13"
2760;"14"
2760;"24"
2761;"26"
2762;"11"
2762;"11"
2762;"13"
2762;"21"
2762;"23"
2763;"15"
2763;"25"
2764;"25"
2765;"13"
2765;"24"
2766;"23"
2766;"25"
2766;"26"
2767;"12"
2767;"13"
2767;"13"
2767;"24"
2768;"13"
2768;"15"
2768;"25"
2769;"13"
2770;"26"
2771;"16"
2771;"26"
2772;"15"
2772;"23"
2772;"24"
2773;"12"
2773;"12"
2773;"13"
2773;"23"
2774;"11"
2774;"12"
2774;"14"
2774;"22"
2774;"23"
2775;"24"
2776;"22"
2776;"24"
2777;"15"
2778;"16"
2778;"26"
2779;"12"
2779;"14"
2779;"23"
2780;"14"
2780;"23"
2780;"24"
2780;"26"
2781;"12"
2781;"13"
2781;"21"
2781;"22"
2781;"23"
2782;"11"
2782;"13"
2782;"15"
2782;"23"
2782;"24"
2783;"16"
2784;"13"
2784;"13"
2784;"15"
2784;"25"
2785;"26"
2786;"15"
2786;"24"
2787;"14"
2787;"23"
2787;"26"
2788;"11"
2788;"13"
2788;"21"
2788;"23"
2789;"25"
2790;"26"
2791;"15"
2791;"25"
2792;"22"
2792;"23"
2792;"24"
2793;"13"
2793;"13"
2793;"14"
2793;"24"
2794;"12"
2794;"12"
2794;"14"
2794;"24"
2795;"13"
2795;"13"
2795;"14"
2795;"21"
2795;"24"
2796;"25"
2797;"16"
2797;"26"
2798;"13"
2798;"23"
2798;"25"
2799;"25"
2800;"16"
2800;"26"
2801;"15"
2801;"25"
2802;"13"
2802;"15"
2802;"25"
2803;"11"
2803;"13"
2803;"21"
2803;"23"
2804;"26"
2805;"13"
2805;"21"
2805;"22"
2805;"23"
2806;"26"
2807;"11"
2807;"13"
2807;"23"
2807;"25"
2808;"13"
2808;"13"
2808;"15"
2808;"24"
2809;"13"
2809;"15"
2809;"21"
2809;"23"
2809;"24"
2810;"13"
2810;"13"
2810;"23"
2810;"24"
2811;"26"
2812;"12"
2812;"13"
2812;"14"
2812;"24"
2813;"26"
2814;"14"
2814;"26"
2815;"14"
2815;"25"
2816;"11"
2816;"13"
2816;"23"
2816;"25"
2817;"25"
2818;"12"
2818;"13"
2818;"14"
2818;"24"
2819;"13"
2820;"21"
2820;"23"
2821;"11"
2821;"22"
2822;"11"
2822;"12"
2822;"13"
2822;"23"
2823;"12"
2823;"13"
2823;"21"
2823;"23"
2824;"11"
2824;"13"
2824;"23"
2825;"25"
2826;"15"
2827;"21"
2827;"23"
2828;"14"
2828;"22"
2828;"22"
2828;"24"
2829;"12"
2829;"13"
2829;"22"
2829;"23"
2830;"16"
2830;"26"
2831;"26"
2832;"15"
2832;"25"
2833;"11"
2833;"12"
2833;"14"
2833;"24"
2833;"26"
2834;"24"
2835;"11"
2835;"13"
2835;"22"
2835;"23"
2836;"12"
2836;"13"
2836;"22"
2836;"23"
2836;"25"
2837;"13"
2837;"16"
2837;"26"
2838;"11"
2838;"13"
2838;"23"
2839;"26"
2840;"16"
2840;"26"
2841;"22"
2841;"22"
2841;"26"
2842;"14"
2842;"16"
2842;"22"
2842;"23"
2843;"12"
2843;"13"
2843;"23"
2844;"11"
2844;"11"
2844;"16"
2844;"23"
2844;"26"
2845;"13"
2845;"25"
2846;"16"
2846;"26"
2847;"15"
2848;"24"
2849;"12"
2849;"15"
2849;"25"
2850;"16"
2850;"26"
2851;"25"
2852;"12"
2852;"13"
2852;"22"
2852;"23"
2853;"14"
2853;"21"
2853;"23"
2853;"24"
2854;"15"
2854;"22"
2854;"24"
2855;"15"
2855;"25"
2856;"16"
2857;"12"
2857;"12"
2857;"13"
2857;"23"
2858;"12"
2858;"13"
2858;"15"
2858;"22"
2858;"24"
2859;"16"
2859;"26"
2860;"12"
2860;"14"
2860;"22"
2860;"23"
2861;"24"
2862;"12"
2862;"13"
2862;"22"
2862;"23"
2863;"11"
2863;"13"
2863;"21"
2863;"23"
2864;"11"
2864;"14"
2864;"22"
2864;"22"
2864;"23"
2865;"12"
2865;"14"
2865;"22"
2865;"23"
2866;"11"
2866;"12"
2866;"12"
2866;"13"
2866;"23"
2867;"25"
2867;"26"
2868;"11"
2868;"13"
2868;"23"
2869;"23"
2869;"26"
2870;"16"
2871;"26"
2872;"12"
2872;"12"
2872;"15"
2872;"25"
2873;"13"
2873;"21"
2873;"21"
2873;"23"
2874;"15"
2874;"25"
2875;"13"
2875;"23"
2875;"24"
2876;"12"
2876;"15"
2876;"24"
2877;"11"
2877;"11"
2877;"13"
2877;"21"
2877;"23"
2878;"13"
2878;"16"
2878;"26"
2879;"11"
2879;"13"
2879;"21"
2879;"23"
2880;"11"
2880;"13"
2880;"23"
2881;"14"
2882;"23"
2882;"25"
2883;"12"
2883;"12"
2883;"14"
2883;"22"
2883;"24"
2884;"12"
2884;"14"
2884;"21"
2884;"22"
2884;"24"
2885;"15"
2885;"25"
2886;"11"
2886;"11"
2886;"13"
2886;"23"
2887;"23"
2888;"13"
2888;"15"
2889;"13"
2889;"14"
2889;"22"
2889;"24"
2890;"26"
2891;"16"
2891;"26"
2892;"12"
2892;"12"
2892;"13"
2892;"21"
2892;"23"
2893;"16"
2894;"12"
2894;"14"
2894;"21"
2894;"24"
2895;"12"
2895;"12"
2895;"14"
2895;"22"
2895;"24"
2896;"11"
2896;"13"
2896;"21"
2896;"23"
2897;"13"
2897;"26"
2898;"24"
2899;"15"
2899;"24"
2900;"23"
2900;"26"
2901;"12"
2901;"12"
2901;"14"
2901;"23"
2902;"11"
2902;"13"
2902;"21"
2902;"23"
2903;"12"
2903;"13"
2903;"23"
2904;"12"
2904;"14"
2904;"24"
2905;"14"
2905;"22"
2905;"22"
2905;"23"
2906;"13"
2906;"25"
2907;"15"
2907;"25"
2908;"12"
2908;"13"
2908;"14"
2908;"24"
2909;"11"
2909;"11"
2909;"13"
2909;"23"
2910;"12"
2910;"13"
2910;"22"
2910;"24"
2911;"16"
2911;"26"
2912;"13"
2912;"13"
2912;"15"
2912;"25"
2913;"16"
2914;"26"
2915;"26"
2916;"26"
2917;"12"
2917;"15"
2917;"25"
2918;"11"
2918;"11"
2918;"13"
2918;"21"
2918;"23"
2919;"26"
2920;"14"
2920;"22"
2920;"22"
2920;"25"
2921;"16"
2921;"26"
2922;"13"
2922;"21"
2922;"23"
2922;"24"
2923;"11"
2923;"14"
2923;"22"
2923;"23"
2924;"11"
2924;"13"
2924;"14"
2924;"23"
2925;"16"
2925;"23"
2925;"24"
2925;"26"
2926;"13"
2926;"14"
2926;"24"
2927;"12"
2927;"16"
2927;"24"
2927;"26"
2928;"16"
2929;"26"
2930;"15"
2930;"25"
2931;"26"
2932;"16"
2932;"26"
2933;"13"
2933;"14"
2933;"24"
2934;"13"
2934;"16"
2934;"23"
2934;"23"
2934;"26"
2935;"25"
2936;"12"
2936;"14"
2936;"22"
2936;"24"
2937;"22"
2937;"22"
2938;"14"
2938;"22"
2938;"22"
2938;"23"
2939;"25"
2940;"24"
2940;"26"
2941;"16"
2942;"13"
2942;"15"
2942;"23"
2942;"24"
2943;"13"
2943;"23"
2944;"26"
2945;"13"
2945;"15"
2945;"23"
2945;"24"
2946;"11"
2946;"13"
2946;"21"
2946;"22"
2946;"23"
2947;"11"
2947;"13"
2947;"22"
2947;"24"
2948;"16"
2948;"25"
2949;"15"
2950;"26"
2951;"12"
2951;"22"
2951;"24"
2952;"13"
2952;"22"
2952;"22"
2952;"23"
2953;"16"
2953;"25"
2954;"11"
2954;"11"
2954;"13"
2954;"23"
2955;"15"
2955;"25"
2956;"13"
2956;"13"
2956;"15"
2957;"12"
2957;"13"
2957;"22"
2957;"23"
2958;"15"
2958;"26"
2959;"12"
2959;"13"
2959;"14"
2959;"23"
2959;"24"
2960;"16"
2961;"15"
2961;"25"
2962;"25"
2963;"15"
2963;"24"
2964;"22"
2964;"23"
2964;"26"
2965;"13"
2965;"14"
2965;"22"
2965;"24"
2966;"14"
2966;"22"
2966;"22"
2966;"22"
2966;"23"
2967;"26"
2968;"15"
2968;"25"
2969;"13"
2969;"21"
2969;"23"
2970;"11"
2970;"13"
2970;"22"
2970;"23"
2971;"15"
2971;"25"
2972;"14"
2972;"22"
2972;"22"
2972;"24"
2973;"13"
2973;"16"
2973;"25"
2974;"13"
2974;"21"
2974;"21"
2974;"23"
2974;"26"
2975;"12"
2975;"24"
2975;"26"
2976;"13"
2976;"15"
2976;"25"
2977;"12"
2977;"14"
2977;"22"
2977;"23"
2978;"15"
2978;"25"
2979;"13"
2979;"13"
2979;"14"
2979;"24"
2980;"13"
2980;"21"
2980;"23"
2981;"11"
2981;"13"
2981;"21"
2981;"23"
2982;"11"
2982;"13"
2982;"21"
2982;"23"
2983;"15"
2983;"25"
2984;"13"
2985;"13"
2985;"22"
2985;"22"
2985;"23"
2986;"26"
2987;"16"
2987;"26"
2988;"12"
2988;"14"
2988;"24"
2989;"13"
2989;"22"
2989;"22"
2989;"24"
2990;"23"
2990;"25"
2991;"13"
2991;"16"
2991;"26"
2992;"13"
2993;"13"
2993;"26"
2994;"11"
2994;"13"
2994;"23"
2995;"12"
2995;"13"
2995;"23"
2996;"11"
2996;"11"
2996;"13"
2996;"23"
2997;"15"
2997;"21"
2997;"21"
2997;"23"
2998;"15"
2999;"12"
2999;"14"
2999;"22"
2999;"24"
3000;"13"
3000;"15"
3000;"25"
3001;"11"
3001;"13"
3001;"23"
3002;"13"
3002;"21"
3002;"21"
3002;"23"
3003;"15"
3003;"25"
3004;"16"
3004;"26"
3005;"13"
3005;"15"
3005;"25"
3006;"26"
3007;"16"
3008;"16"
3008;"26"
3009;"14"
3009;"22"
3009;"24"
3010;"14"
3010;"22"
3010;"23"
3011;"13"
3011;"13"
3011;"14"
3011;"25"
3012;"12"
3012;"14"
3012;"22"
3012;"24"
3013;"12"
3013;"15"
3013;"22"
3013;"25"
3013;"26"
3014;"11"
3014;"15"
3014;"21"
3014;"23"
3014;"25"
3015;"16"
3015;"25"
3016;"25"
3017;"24"
3018;"12"
3018;"14"
3018;"22"
3018;"23"
3019;"13"
3019;"16"
3019;"26"
3020;"11"
3020;"11"
3020;"13"
3020;"23"
3021;"26"
3022;"12"
3022;"14"
3022;"22"
3022;"23"
3023;"23"
3023;"25"
3024;"13"
3024;"22"
3024;"22"
3024;"22"
3024;"23"
3025;"15"
3025;"25"
3026;"24"
3026;"25"
3026;"26"
3027;"12"
3027;"15"
3027;"22"
3027;"25"
3028;"11"
3028;"11"
3028;"13"
3028;"23"
3029;"13"
3029;"15"
3029;"23"
3029;"24"
3030;"13"
3030;"22"
3030;"22"
3030;"23"
3031;"24"
3031;"26"
3032;"26"
3033;"14"
3033;"24"
3034;"12"
3034;"15"
3034;"23"
3034;"24"
3035;"16"
3035;"26"
3036;"13"
3036;"15"
3036;"24"
3036;"26"
3037;"13"
3037;"26"
3038;"13"
3038;"23"
3039;"26"
3040;"14"
3040;"23"
3041;"14"
3041;"22"
3041;"22"
3041;"23"
3042;"15"
3043;"15"
3043;"25"
3044;"12"
3044;"14"
3044;"22"
3044;"23"
3045;"11"
3045;"13"
3045;"21"
3045;"23"
3046;"12"
3046;"12"
3046;"14"
3046;"24"
3047;"16"
3047;"25"
3048;"16"
3048;"25"
3049;"11"
3049;"13"
3049;"23"
3050;"13"
3050;"22"
3050;"22"
3050;"23"
3051;"12"
3051;"14"
3051;"24"
3052;"15"
3053;"12"
3053;"15"
3053;"25"
3054;"12"
3054;"14"
3054;"22"
3054;"24"
3055;"25"
3056;"11"
3056;"14"
3056;"22"
3056;"23"
3056;"25"
3057;"12"
3057;"12"
3057;"14"
3057;"22"
3057;"23"
3058;"12"
3058;"13"
3058;"23"
3059;"13"
3059;"26"
3060;"25"
3061;"12"
3061;"22"
3061;"24"
3062;"15"
3063;"16"
3063;"24"
3063;"26"
3064;"12"
3064;"14"
3064;"22"
3064;"23"
3065;"25"
3066;"13"
3066;"24"
3067;"26"
3068;"16"
3068;"26"
3069;"12"
3069;"14"
3069;"22"
3069;"24"
3070;"11"
3070;"13"
3070;"15"
3070;"23"
3070;"24"
3071;"15"
3071;"25"
3072;"13"
3072;"21"
3072;"21"
3072;"23"
3073;"11"
3073;"13"
3073;"21"
3073;"23"
3074;"13"
3074;"21"
3074;"21"
3074;"23"
3075;"11"
3075;"11"
3075;"13"
3075;"23"
3076;"16"
3076;"25"
3077;"25"
3078;"26"
3079;"26"
3080;"26"
3081;"13"
3081;"15"
3081;"25"
3082;"13"
3082;"21"
3082;"21"
3082;"22"
3082;"23"
3083;"13"
3083;"21"
3083;"23"
3084;"13"
3084;"14"
3084;"23"
3084;"23"
3085;"13"
3085;"15"
3085;"23"
3085;"23"
3085;"25"
3086;"12"
3086;"14"
3086;"23"
3087;"26"
3088;"12"
3088;"15"
3088;"25"
3089;"12"
3089;"13"
3089;"21"
3089;"22"
3089;"23"
3090;"13"
3090;"21"
3090;"22"
3090;"23"
3091;"26"
3092;"13"
3092;"22"
3092;"23"
3093;"11"
3093;"13"
3093;"22"
3094;"13"
3094;"25"
3095;"11"
3095;"13"
3095;"23"
3096;"14"
3097;"15"
3097;"25"
3098;"14"
3098;"22"
3098;"22"
3098;"23"
3099;"13"
3099;"23"
3100;"13"
3100;"14"
3100;"24"
3101;"14"
3101;"22"
3101;"22"
3101;"23"
3101;"24"
3102;"11"
3102;"12"
3102;"12"
3102;"23"
3102;"26"
3103;"23"
3104;"12"
3104;"15"
3104;"24"
3105;"21"
3105;"22"
3105;"23"
3106;"11"
3106;"13"
3106;"21"
3106;"23"
3107;"11"
3107;"11"
3107;"13"
3107;"21"
3107;"23"
3108;"13"
3108;"26"
3109;"26"
3110;"13"
3110;"15"
3110;"25"
3111;"11"
3111;"11"
3111;"11"
3111;"13"
3111;"23"
3112;"15"
3112;"25"
3113;"16"
3113;"26"
3114;"16"
3114;"25"
3115;"12"
3115;"15"
3115;"24"
3116;"12"
3116;"14"
3116;"24"
3117;"13"
3117;"14"
3117;"23"
3117;"24"
3118;"26"
3119;"26"
3120;"26"
3121;"15"
3121;"25"
3122;"14"
3122;"24"
3123;"15"
3123;"23"
3123;"25"
3124;"12"
3124;"14"
3124;"24"
3125;"14"
3125;"21"
3125;"24"
3125;"26"
3126;"12"
3126;"12"
3126;"13"
3126;"14"
3126;"24"
3127;"26"
3128;"15"
3128;"25"
3129;"11"
3129;"23"
3129;"25"
3130;"12"
3130;"14"
3130;"22"
3130;"24"
3131;"14"
3131;"21"
3131;"22"
3131;"23"
3132;"11"
3132;"21"
3132;"22"
3132;"23"
3133;"26"
3134;"26"
3135;"13"
3135;"26"
3136;"11"
3136;"13"
3136;"22"
3137;"13"
3137;"14"
3137;"24"
3138;"12"
3138;"12"
3138;"15"
3138;"24"
3139;"13"
3139;"13"
3139;"21"
3139;"23"
3140;"12"
3140;"12"
3140;"14"
3140;"24"
3141;"16"
3141;"26"
3142;"14"
3142;"21"
3142;"22"
3142;"22"
3142;"24"
3143;"13"
3143;"13"
3143;"14"
3143;"23"
3143;"24"
3144;"15"
3144;"26"
3145;"13"
3145;"23"
3145;"25"
3146;"13"
3146;"23"
3146;"25"
3146;"26"
3147;"15"
3147;"25"
3148;"13"
3148;"16"
3148;"21"
3148;"23"
3148;"25"
3149;"13"
3149;"21"
3149;"21"
3149;"23"
3150;"26"
3151;"16"
3151;"25"
3152;"15"
3152;"25"
3153;"12"
3153;"14"
3153;"24"
3154;"12"
3154;"15"
3154;"23"
3154;"24"
3155;"14"
3155;"21"
3155;"21"
3155;"24"
3155;"26"
3156;"15"
3156;"23"
3156;"24"
3157;"26"
3158;"12"
3158;"13"
3158;"14"
3158;"24"
3159;"12"
3159;"13"
3159;"13"
3159;"15"
3159;"24"
3160;"12"
3160;"12"
3160;"24"
3161;"15"
3161;"21"
3161;"23"
3161;"25"
3162;"15"
3162;"26"
3163;"14"
3163;"22"
3163;"23"
3164;"12"
3164;"12"
3164;"13"
3164;"23"
3165;"12"
3165;"13"
3165;"22"
3165;"23"
3166;"12"
3166;"14"
3166;"22"
3166;"23"
3167;"16"
3167;"25"
3168;"11"
3168;"13"
3168;"23"
3169;"25"
3170;"11"
3170;"13"
3170;"23"
3171;"16"
3171;"25"
3172;"12"
3172;"21"
3172;"23"
3173;"12"
3173;"13"
3173;"21"
3173;"23"
3174;"12"
3174;"12"
3174;"14"
3174;"23"
3174;"24"
3175;"22"
3175;"24"
3176;"12"
3176;"13"
3176;"21"
3176;"23"
3177;"22"
3177;"24"
3178;"12"
3178;"23"
3179;"13"
3179;"22"
3179;"22"
3179;"24"
3180;"23"
3180;"25"
3181;"12"
3181;"12"
3181;"14"
3181;"24"
3182;"23"
3183;"26"
3184;"16"
3184;"26"
3185;"12"
3185;"12"
3185;"14"
3185;"24"
3186;"15"
3186;"25"
3187;"11"
3187;"11"
3187;"13"
3187;"23"
3188;"16"
3188;"26"
3189;"23"
3189;"23"
3189;"24"
3190;"11"
3190;"12"
3190;"12"
3190;"14"
3190;"23"
3191;"13"
3191;"23"
3192;"16"
3192;"26"
3193;"13"
3193;"21"
3193;"23"
3194;"13"
3194;"14"
3195;"11"
3195;"12"
3195;"13"
3195;"21"
3195;"23"
3196;"14"
3196;"22"
3196;"23"
3196;"24"
3197;"26"
3198;"16"
3198;"26"
3199;"13"
3199;"14"
3199;"24"
3200;"26"
3201;"26"
3202;"24"
3203;"26"
3204;"12"
3204;"14"
3204;"21"
3204;"23"
3204;"24"
3205;"24"
3206;"12"
3206;"13"
3206;"21"
3206;"21"
3206;"23"
3207;"14"
3208;"26"
3209;"12"
3209;"12"
3209;"12"
3209;"15"
3209;"24"
3210;"25"
3211;"16"
3212;"26"
3213;"16"
3213;"26"
3214;"11"
3214;"13"
3214;"23"
3215;"13"
3215;"25"
3215;"26"
3216;"12"
3216;"14"
3216;"24"
3217;"13"
3217;"13"
3217;"14"
3217;"24"
3218;"11"
3218;"12"
3218;"23"
3218;"26"
3219;"13"
3219;"15"
3219;"22"
3219;"25"
3220;"12"
3220;"13"
3220;"21"
3220;"23"
3221;"13"
3221;"15"
3221;"21"
3221;"23"
3221;"25"
3222;"13"
3222;"13"
3222;"15"
3222;"23"
3222;"25"
3223;"13"
3223;"26"
3224;"24"
3225;"23"
3225;"25"
3226;"13"
3226;"25"
3227;"12"
3227;"24"
3227;"26"
3228;"14"
3228;"22"
3228;"22"
3228;"24"
3229;"13"
3229;"23"
3230;"15"
3230;"25"
3231;"16"
3232;"12"
3232;"14"
3232;"22"
3232;"24"
3233;"15"
3233;"26"
3234;"13"
3234;"22"
3234;"23"
3235;"11"
3235;"13"
3235;"21"
3235;"23"
3236;"11"
3236;"13"
3236;"21"
3236;"23"
3237;"16"
3238;"13"
3238;"15"
3238;"22"
3238;"24"
3239;"11"
3239;"23"
3240;"11"
3240;"13"
3240;"21"
3240;"23"
3241;"11"
3241;"13"
3241;"21"
3241;"23"
3242;"15"
3242;"25"
3243;"22"
3243;"23"
3244;"13"
3244;"22"
3244;"23"
3245;"14"
3245;"22"
3245;"23"
3246;"14"
3246;"22"
3246;"22"
3246;"23"
3247;"16"
3247;"23"
3247;"25"
3248;"11"
3248;"13"
3248;"21"
3248;"23"
3249;"12"
3249;"15"
3249;"22"
3249;"24"
3250;"14"
3250;"25"
3251;"12"
3251;"12"
3251;"14"
3251;"22"
3251;"24"
3252;"13"
3253;"13"
3253;"13"
3253;"15"
3253;"22"
3253;"24"
3254;"12"
3254;"12"
3254;"14"
3254;"23"
3254;"24"
3255;"12"
3255;"14"
3255;"24"
3256;"12"
3256;"14"
3256;"24"
3257;"12"
3257;"14"
3257;"22"
3257;"23"
3258;"16"
3258;"22"
3258;"22"
3258;"24"
3259;"12"
3259;"12"
3259;"13"
3259;"22"
3259;"23"
3260;"15"
3261;"15"
3262;"21"
3262;"23"
3262;"26"
3263;"13"
3263;"15"
3263;"25"
3264;"15"
3264;"24"
3265;"13"
3265;"15"
3265;"24"
3266;"14"
3266;"24"
3267;"11"
3267;"13"
3267;"23"
3268;"12"
3268;"13"
3268;"14"
3268;"22"
3268;"24"
3269;"16"
3269;"26"
3270;"14"
3270;"16"
3270;"26"
3271;"13"
3271;"13"
3271;"14"
3271;"24"
3272;"25"
3273;"13"
3273;"14"
3273;"24"
3274;"12"
3274;"12"
3274;"22"
3274;"25"
3275;"16"
3275;"26"
3276;"13"
3276;"14"
3276;"26"
3276;"26"
3277;"15"
3277;"23"
3277;"25"
3278;"21"
3278;"21"
3278;"23"
3278;"26"
3279;"11"
3279;"11"
3279;"14"
3279;"23"
3279;"26"
3280;"13"
3280;"21"
3280;"21"
3280;"23"
3281;"12"
3281;"12"
3281;"14"
3281;"24"
3281;"26"
3282;"26"
3283;"26"
3284;"21"
3284;"23"
3285;"13"
3285;"14"
3285;"22"
3286;"26"
3287;"13"
3287;"25"
3288;"13"
3288;"15"
3288;"25"
3289;"12"
3289;"14"
3289;"22"
3289;"24"
3290;"22"
3290;"23"
3290;"24"
3290;"26"
3291;"16"
3291;"23"
3291;"25"
3292;"13"
3292;"22"
3292;"23"
3293;"13"
3293;"22"
3293;"22"
3293;"23"
3294;"26"
3295;"15"
3295;"24"
3296;"12"
3296;"14"
3296;"22"
3296;"24"
3297;"15"
3297;"25"
3298;"15"
3298;"24"
3299;"11"
3299;"13"
3299;"21"
3299;"23"
3300;"13"
3300;"16"
3300;"23"
3300;"25"
3301;"26"
3302;"12"
3302;"21"
3302;"22"
3302;"22"
3302;"24"
3303;"13"
3303;"22"
3303;"22"
3303;"23"
3304;"15"
3304;"25"
3305;"22"
3305;"26"
3306;"12"
3306;"12"
3306;"14"
3306;"22"
3306;"24"
3307;"12"
3307;"14"
3307;"22"
3307;"24"
3308;"13"
3308;"23"
3309;"22"
3309;"22"
3309;"23"
3310;"16"
3310;"26"
3311;"12"
3311;"13"
3311;"13"
3311;"15"
3311;"24"
3312;"13"
3312;"22"
3312;"23"
3313;"14"
3313;"16"
3314;"15"
3314;"23"
3314;"25"
3315;"15"
3315;"25"
3316;"11"
3316;"13"
3316;"21"
3316;"23"
3317;"15"
3318;"22"
3318;"24"
3319;"12"
3319;"14"
3319;"23"
3320;"13"
3320;"14"
3320;"23"
3320;"24"
3321;"16"
3321;"26"
3322;"13"
3322;"25"
3323;"13"
3323;"15"
3323;"25"
3324;"11"
3324;"11"
3324;"13"
3324;"23"
3325;"11"
3325;"11"
3325;"13"
3325;"23"
3326;"16"
3326;"26"
3327;"16"
3328;"15"
3329;"14"
3329;"16"
3329;"26"
3330;"11"
3330;"11"
3330;"13"
3330;"23"
3331;"11"
3331;"13"
3331;"23"
3332;"12"
3332;"12"
3332;"13"
3332;"21"
3332;"23"
3333;"11"
3333;"11"
3333;"13"
3333;"23"
3333;"26"
3334;"12"
3334;"12"
3334;"13"
3334;"23"
3335;"11"
3335;"13"
3335;"21"
3335;"23"
3336;"14"
3336;"21"
3336;"23"
3337;"16"
3337;"25"
3338;"26"
3339;"11"
3339;"13"
3339;"21"
3339;"23"
3340;"26"
3341;"15"
3341;"25"
3342;"14"
3342;"21"
3342;"23"
3343;"12"
3343;"16"
3343;"26"
3344;"24"
3345;"16"
3345;"24"
3346;"15"
3346;"16"
3346;"26"
3347;"26"
3348;"23"
3348;"26"
3349;"13"
3349;"21"
3349;"23"
3350;"13"
3350;"21"
3350;"23"
3351;"13"
3351;"15"
3351;"24"
3352;"11"
3352;"12"
3352;"14"
3352;"23"
3353;"14"
3353;"22"
3353;"23"
3353;"25"
3354;"14"
3354;"22"
3354;"23"
3354;"25"
3355;"12"
3355;"16"
3355;"22"
3355;"24"
3356;"11"
3356;"13"
3356;"15"
3356;"23"
3356;"25"
3357;"26"
3358;"12"
3358;"14"
3358;"23"
3359;"11"
3359;"11"
3359;"13"
3359;"23"
3360;"15"
3360;"24"
3361;"11"
3361;"11"
3361;"13"
3361;"23"
3361;"25"
3362;"11"
3362;"13"
3362;"21"
3362;"23"
3363;"15"
3363;"21"
3363;"25"
3364;"26"
3365;"12"
3365;"14"
3365;"22"
3365;"24"
3365;"26"
3366;"12"
3366;"14"
3366;"23"
3367;"12"
3367;"12"
3367;"15"
3367;"24"
3367;"26"
3368;"12"
3368;"13"
3368;"22"
3368;"23"
3369;"16"
3369;"26"
3370;"12"
3370;"12"
3370;"14"
3370;"23"
3371;"11"
3371;"13"
3371;"22"
3371;"23"
3372;"16"
3372;"25"
3373;"12"
3373;"14"
3373;"24"
3374;"13"
3374;"14"
3374;"24"
3374;"26"
3375;"13"
3375;"14"
3375;"22"
3375;"24"
3376;"26"
3377;"12"
3377;"14"
3377;"22"
3377;"23"
3378;"13"
3378;"13"
3378;"13"
3378;"25"
3379;"13"
3379;"23"
3380;"13"
3380;"21"
3380;"23"
3380;"25"
3381;"12"
3381;"24"
3382;"15"
3382;"22"
3382;"25"
3383;"11"
3383;"12"
3383;"14"
3383;"22"
3383;"24"
3384;"13"
3384;"14"
3384;"24"
3385;"16"
3385;"25"
3386;"13"
3386;"15"
3386;"25"
3387;"12"
3387;"16"
3387;"24"
3387;"26"
3388;"26"
3389;"13"
3389;"22"
3389;"22"
3389;"23"
3389;"25"
3390;"26"
3391;"23"
3392;"16"
3392;"25"
3393;"12"
3393;"13"
3393;"23"
3394;"14"
3394;"22"
3394;"22"
3394;"23"
3395;"11"
3395;"13"
3395;"15"
3395;"23"
3395;"25"
3396;"13"
3396;"23"
3396;"25"
3397;"13"
3397;"15"
3397;"23"
3397;"23"
3397;"24"
3398;"13"
3398;"23"
3399;"16"
3399;"25"
3400;"15"
3400;"24"
3401;"13"
3401;"21"
3401;"23"
3402;"13"
3402;"13"
3402;"14"
3402;"24"
3403;"11"
3403;"13"
3403;"21"
3403;"23"
3404;"26"
3405;"11"
3405;"13"
3405;"21"
3405;"23"
3406;"12"
3406;"14"
3406;"22"
3406;"24"
3407;"16"
3407;"25"
3408;"14"
3408;"16"
3408;"26"
3409;"13"
3409;"16"
3409;"21"
3409;"23"
3409;"25"
3410;"25"
3411;"16"
3411;"25"
3412;"12"
3412;"14"
3412;"23"
3413;"13"
3413;"14"
3413;"24"
3414;"25"
3414;"26"
3415;"26"
3416;"13"
3416;"21"
3416;"21"
3416;"22"
3416;"23"
3417;"13"
3417;"21"
3417;"21"
3417;"23"
3418;"26"
3419;"26"
3420;"26"
3421;"16"
3421;"25"
3422;"13"
3422;"15"
3422;"25"
3423;"12"
3423;"14"
3423;"22"
3423;"23"
3424;"13"
3424;"22"
3424;"22"
3424;"23"
3425;"13"
3425;"14"
3425;"22"
3425;"22"
3425;"24"
3426;"13"
3427;"12"
3427;"22"
3427;"24"
3428;"12"
3428;"12"
3428;"14"
3428;"22"
3428;"24"
3429;"13"
3429;"16"
3429;"25"
3430;"14"
3430;"25"
3430;"25"
3430;"26"
3431;"11"
3431;"12"
3431;"14"
3431;"22"
3431;"23"
3432;"25"
3433;"13"
3433;"23"
3434;"13"
3434;"25"
3435;"13"
3435;"15"
3435;"25"
3436;"12"
3436;"14"
3436;"22"
3436;"24"
3437;"12"
3437;"14"
3437;"22"
3437;"22"
3437;"24"
3438;"12"
3438;"25"
3439;"15"
3439;"22"
3439;"25"
3440;"13"
3440;"15"
3440;"25"
3441;"11"
3441;"13"
3441;"21"
3441;"23"
3442;"15"
3442;"24"
3443;"16"
3444;"13"
3444;"16"
3444;"23"
3444;"25"
3445;"16"
3446;"14"
3447;"16"
3447;"25"
3448;"23"
3448;"25"
3449;"16"
3449;"25"
3450;"15"
3450;"22"
3450;"25"
3451;"11"
3451;"13"
3451;"23"
3452;"13"
3452;"15"
3452;"25"
3453;"13"
3453;"21"
3453;"22"
3453;"23"
3454;"12"
3454;"13"
3454;"14"
3454;"23"
3455;"11"
3455;"11"
3455;"13"
3455;"21"
3455;"23"
3456;"26"
3457;"14"
3458;"26"
3459;"14"
3459;"16"
3460;"13"
3460;"15"
3460;"25"
3461;"13"
3461;"13"
3461;"15"
3461;"24"
3462;"12"
3462;"14"
3462;"22"
3462;"24"
3463;"13"
3463;"15"
3463;"25"
3463;"26"
3464;"13"
3464;"26"
3465;"13"
3465;"21"
3465;"23"
3466;"16"
3466;"26"
3467;"16"
3467;"26"
3468;"12"
3468;"22"
3468;"24"
3469;"14"
3469;"24"
3469;"26"
3470;"12"
3470;"13"
3470;"22"
3470;"23"
3471;"13"
3471;"16"
3471;"22"
3471;"24"
3471;"26"
3472;"25"
3473;"26"
3474;"14"
3474;"16"
3475;"16"
3475;"26"
3476;"22"
3476;"23"
3476;"25"
3477;"13"
3477;"16"
3477;"22"
3477;"25"
3478;"14"
3478;"22"
3478;"22"
3478;"22"
3478;"23"
3479;"11"
3479;"11"
3479;"13"
3479;"21"
3479;"23"
3480;"26"
3481;"12"
3481;"13"
3481;"15"
3481;"25"
3482;"25"
3483;"16"
3483;"25"
3484;"11"
3484;"11"
3484;"13"
3484;"23"
3485;"26"
3486;"15"
3486;"25"
3487;"26"
3488;"26"
3489;"22"
3489;"22"
3489;"23"
3490;"14"
3490;"22"
3490;"22"
3490;"24"
3490;"26"
3491;"12"
3491;"14"
3491;"22"
3491;"24"
3492;"21"
3492;"23"
3493;"11"
3493;"13"
3493;"22"
3493;"23"
3494;"15"
3494;"25"
3495;"21"
3495;"22"
3495;"23"
3496;"25"
3497;"26"
3498;"13"
3498;"24"
3499;"11"
3499;"13"
3499;"23"
3500;"12"
3500;"12"
3500;"14"
3500;"24"
3501;"12"
3501;"14"
3501;"23"
3501;"24"
3502;"14"
3502;"22"
3502;"22"
3502;"23"
3502;"24"
3503;"25"
3504;"13"
3504;"25"
3505;"14"
3505;"22"
3505;"23"
3505;"24"
3506;"14"
3506;"22"
3506;"23"
3507;"12"
3507;"14"
3507;"23"
3507;"24"
3507;"26"
3508;"13"
3508;"13"
3508;"14"
3508;"23"
3508;"24"
3509;"13"
3509;"22"
3509;"24"
3510;"26"
3511;"26"
3512;"14"
3512;"22"
3512;"23"
3513;"13"
3513;"14"
3513;"24"
3514;"13"
3514;"13"
3514;"22"
3514;"23"
3514;"26"
3515;"16"
3515;"25"
3516;"26"
3517;"25"
3518;"12"
3518;"15"
3518;"23"
3518;"24"
3519;"11"
3519;"13"
3519;"21"
3519;"21"
3519;"23"
3520;"13"
3520;"14"
3520;"24"
3521;"15"
3521;"22"
3521;"25"
3521;"26"
3522;"15"
3522;"25"
3522;"26"
3523;"12"
3523;"13"
3523;"21"
3523;"22"
3523;"23"
3524;"16"
3524;"26"
3525;"11"
3525;"11"
3525;"13"
3525;"21"
3525;"23"
3526;"16"
3526;"22"
3526;"23"
3526;"25"
3527;"15"
3527;"25"
3528;"16"
3529;"13"
3529;"16"
3529;"25"
3530;"16"
3530;"25"
3531;"13"
3531;"15"
3531;"24"
3532;"15"
3532;"16"
3532;"24"
3533;"13"
3533;"14"
3533;"22"
3533;"24"
3534;"12"
3534;"12"
3534;"14"
3534;"24"
3535;"14"
3535;"24"
3536;"13"
3536;"21"
3536;"21"
3536;"23"
3537;"14"
3537;"26"
3538;"13"
3538;"14"
3538;"22"
3538;"23"
3539;"14"
3539;"22"
3539;"22"
3539;"24"
3540;"12"
3540;"24"
3541;"16"
3541;"25"
3542;"11"
3542;"13"
3542;"23"
3543;"13"
3543;"14"
3543;"22"
3543;"24"
3544;"14"
3544;"23"
3544;"23"
3544;"24"
3545;"12"
3545;"14"
3545;"23"
3546;"12"
3546;"13"
3546;"22"
3547;"13"
3547;"21"
3547;"22"
3547;"23"
3548;"14"
3548;"16"
3548;"23"
3548;"26"
3549;"12"
3549;"24"
3550;"13"
3550;"22"
3550;"23"
3551;"13"
3551;"22"
3551;"22"
3551;"23"
3552;"24"
3553;"15"
3553;"26"
3554;"13"
3554;"23"
3555;"14"
3555;"26"
3556;"26"
3557;"23"
3557;"25"
3558;"22"
3558;"24"
3558;"26"
3559;"15"
3559;"25"
3560;"16"
3560;"26"
3561;"25"
3562;"26"
3563;"16"
3563;"25"
3564;"12"
3564;"13"
3564;"22"
3565;"12"
3565;"14"
3565;"21"
3565;"24"
3565;"26"
3566;"11"
3566;"14"
3566;"16"
3566;"22"
3566;"23"
3567;"26"
3568;"26"
3569;"16"
3569;"26"
3570;"14"
3570;"24"
3571;"12"
3571;"14"
3571;"22"
3571;"23"
3572;"11"
3572;"15"
3572;"21"
3572;"23"
3572;"25"
3573;"11"
3573;"13"
3573;"14"
3573;"22"
3573;"24"
3574;"11"
3574;"11"
3574;"13"
3574;"22"
3574;"23"
3575;"15"
3575;"26"
3576;"26"
3577;"26"
3578;"15"
3578;"23"
3578;"25"
3579;"12"
3579;"12"
3579;"13"
3579;"14"
3579;"24"
3580;"12"
3580;"12"
3580;"12"
3580;"14"
3580;"23"
3581;"26"
3582;"26"
3583;"14"
3583;"23"
3583;"25"
3584;"12"
3584;"15"
3584;"22"
3584;"24"
3585;"12"
3585;"13"
3585;"15"
3585;"23"
3585;"24"
3586;"25"
3587;"15"
3587;"25"
3588;"14"
3588;"24"
3589;"14"
3589;"22"
3589;"24"
3590;"11"
3590;"13"
3590;"22"
3591;"11"
3591;"11"
3591;"13"
3591;"22"
3591;"23"
3592;"12"
3592;"13"
3592;"15"
3592;"22"
3592;"24"
3593;"25"
3594;"25"
3595;"12"
3595;"14"
3595;"24"
3596;"12"
3596;"13"
3596;"15"
3596;"25"
3597;"12"
3597;"12"
3597;"14"
3597;"22"
3597;"24"
3598;"25"
3599;"13"
3599;"14"
3599;"25"
3600;"14"
3600;"22"
3600;"24"
3601;"15"
3601;"21"
3601;"21"
3601;"24"
3602;"13"
3602;"21"
3602;"21"
3602;"21"
3602;"23"
3603;"26"
3604;"11"
3604;"12"
3604;"14"
3604;"22"
3604;"24"
3605;"26"
3606;"13"
3606;"16"
3606;"26"
3607;"26"
3608;"15"
3608;"25"
3609;"13"
3609;"21"
3609;"23"
3610;"24"
3611;"12"
3611;"12"
3611;"13"
3611;"23"
3612;"21"
3612;"23"
3613;"11"
3613;"13"
3613;"21"
3613;"22"
3613;"23"
3614;"13"
3614;"15"
3614;"25"
3615;"12"
3615;"13"
3615;"22"
3615;"22"
3615;"23"
3616;"13"
3616;"21"
3616;"23"
3617;"26"
3618;"16"
3618;"26"
3619;"22"
3619;"23"
3619;"24"
3620;"26"
3621;"16"
3621;"25"
3622;"15"
3622;"25"
3623;"13"
3623;"23"
3623;"24"
3624;"13"
3624;"15"
3624;"21"
3624;"23"
3624;"25"
3625;"13"
3625;"21"
3625;"22"
3625;"23"
3626;"16"
3626;"26"
3627;"13"
3627;"13"
3627;"25"
3628;"23"
3628;"25"
3629;"15"
3629;"25"
3630;"16"
3631;"12"
3631;"12"
3631;"22"
3631;"23"
3631;"26"
3632;"23"
3632;"25"
3633;"11"
3633;"15"
3633;"22"
3633;"24"
3634;"11"
3634;"22"
3634;"25"
3635;"14"
3635;"21"
3635;"23"
3635;"26"
3636;"14"
3636;"22"
3636;"24"
3637;"15"
3637;"25"
3638;"14"
3639;"15"
3640;"22"
3640;"24"
3641;"15"
3641;"24"
3642;"14"
3642;"26"
3643;"13"
3643;"13"
3643;"24"
3644;"12"
3644;"13"
3644;"14"
3644;"24"
3645;"13"
3645;"21"
3645;"22"
3645;"23"
3646;"12"
3646;"14"
3646;"22"
3646;"24"
3646;"26"
3647;"16"
3647;"26"
3648;"15"
3648;"25"
